,sext,bpm,sext-current,amplitude,amplitude-std,phase,phase-std,vectors
0,bare,R:HP100,0.0,0.0031596443104504814,0.0002444997498434026,3.7858219730721903,0.3545735449749506,60
1,bare,R:HP102,0.0,0.003165615517958764,0.0002447437995609785,2.6767804270404976,0.35539211157374595,60
2,bare,R:HP104,0.0,0.003186632434495615,0.0002454704214479331,0.3905592221037004,0.3542692653525764,60
3,bare,R:HP106,0.0,0.003218739002203178,0.00024763223568692106,4.785864859797049,0.357331558815537,60
4,bare,R:HP108,0.0,0.003218687429614008,0.0002492981573701116,3.0428546145907642,0.3545542746996725,60
5,bare,R:HP110,0.0,0.003191352664880155,0.0002443939007291983,1.542205477211147,0.35381344220168853,60
6,bare,R:HP112,0.0,0.0032224301207336202,0.00024022546773987485,5.83557917248648,0.35040215915934136,60
7,bare,R:HP114,0.0,0.0032744198084205746,0.00024750344885230156,4.068095639239225,0.35827409216610473,60
8,bare,R:HP116,0.0,0.0032731761019655003,0.0002543215145310454,2.418958235166605,0.35609426546426765,60
9,bare,R:HP118,0.0,0.0032364099471686907,0.0002481360937469322,0.6365184902108014,0.35505824075877634,60
10,bare,R:HP120,0.0,0.003256988092075508,0.00024337279851633303,5.279706183388619,0.3496824026544134,60
11,bare,R:HP122,0.0,0.003318478157626758,0.000248779280117765,3.5523311822806463,0.3547230717139657,60
12,bare,R:HP124,0.0,0.0033615142000575624,0.0002542875617201756,1.912507366078681,0.34632584656028526,60
13,bare,R:HP126,0.0,0.0033361436664985943,0.00025099993687649437,0.10830807880365362,0.3486533260150078,60
14,bare,R:HP128,0.0,0.003334610426418476,0.00024277800418605946,4.727764448985931,0.3480340197989393,60
15,bare,R:HP130,0.0,0.003405129308433424,0.00024371665200877428,2.905440858262152,0.34738409670569376,60
16,bare,R:HP202,0.0,0.0034584298164249128,0.00025455218185820613,1.305002942111455,0.3411845719229297,60
17,bare,R:HP204,0.0,0.003413099290998328,0.00025481640789128937,5.686737927189042,0.3409562981618284,60
18,bare,R:HP206,0.0,0.0033921059167664183,0.0002444884311498308,4.085826439193221,0.34470654567164905,60
19,bare,R:HP208,0.0,0.0034576881185238864,0.00023702458831608748,2.156046887217493,0.3477966810931749,60
20,bare,R:HP210,0.0,0.0034967032813634255,0.00024433469724095364,0.6677032529124894,0.3395558888801545,60
21,bare,R:HP212,0.0,0.00342185499378634,0.000251819844694502,5.053976717410733,0.3401511142649302,60
22,bare,R:HP214,0.0,0.0033717159980202623,0.0002449356599302976,3.522440774560293,0.3522984182450767,60
23,bare,R:HP216,0.0,0.003454632582429435,0.00023727479515109974,1.5600724929873047,0.35458274486798835,60
24,bare,R:HP218,0.0,0.00354376484817639,0.0002421557383397331,0.033627611499960006,0.35142006292499983,60
25,bare,R:HP220,0.0,0.0035310628084444886,0.00025500961163506133,4.524851349647819,0.356696240673172,60
26,bare,R:HP222,0.0,0.003542885312852835,0.00025646721926435886,3.0579342468782844,0.3553226488909574,60
27,bare,R:HP224,0.0,0.0035574814368478764,0.00025168886286012023,0.385866444284659,0.3558146635722893,60
28,bare,R:HP226,0.0,0.0036650429954615932,0.0002525200418313892,0.03250279971037453,0.34818033292535444,60
29,bare,R:HP228,0.0,0.003577207677801674,0.0002608032433534552,3.7177770808477364,0.3464947203135437,60
30,bare,R:HP230,0.0,0.003467566789288669,0.0002614900664992963,1.8524525733954424,0.3473673217862428,60
31,bare,R:HP232,0.0,0.0035028900862053088,0.00025409059821358826,0.9678601777848344,0.3490409192378364,60
32,bare,R:HP302,0.0,0.0035673895069961337,0.00025137955843705206,5.454763990801954,0.34471742444348713,60
33,bare,R:HP304,0.0,0.003552591962619008,0.0002509029871139051,4.351397532354117,0.34636612842369885,60
34,bare,R:HP306,0.0,0.0035704362993069514,0.0002515891470732201,3.1038593861537933,0.34273986053043387,60
35,bare,R:HP308,0.0,0.003575302289585613,0.0002530151403321715,1.6106411965695213,0.34566461724546743,60
36,bare,R:HP310,0.0,0.0035752916691002426,0.0002525663613279098,5.7681719954577515,0.3440703628170423,60
37,bare,R:HP312,0.0,0.003543445267828275,0.0002552688998441305,4.799769342873501,0.351231159880811,60
38,bare,R:HP314,0.0,0.003490740463837044,0.0002643465907860184,2.78107792762909,0.35277546702314594,60
39,bare,R:HP316,0.0,0.0035171330457530463,0.00025696700083169033,0.5661170843915732,0.347492657310203,60
40,bare,R:HP318,0.0,0.003559906917704157,0.0002522820418771311,0.052310602741486995,0.3436799489482439,60
41,bare,R:HP320,0.0,0.003562484582524427,0.00025099448043626726,4.131116151694441,0.3453838322621104,60
42,bare,R:HP322,0.0,0.0036146873044554345,0.0002552536506582062,2.3274506046448376,0.33548990548663166,60
43,bare,R:HP324,0.0,0.003618124865339249,0.0002553411377779008,0.3883626838321694,0.3345031304943153,60
44,bare,R:HP326,0.0,0.003601445003020198,0.0002754156799670334,5.169534700983849,0.3294016276759999,60
45,bare,R:HP328,0.0,0.003576421841600929,0.00025599035615936014,3.7944584756327764,0.3326685733714449,60
46,bare,R:HP330,0.0,0.003580771204533951,0.00026335734704182456,1.6137698173825972,0.3348254905876348,60
47,bare,R:HP332,0.0,0.0036061814614302867,0.0002688234802496123,0.03289693258993752,0.32918572155922005,60
48,bare,R:HP334,0.0,0.0035763324034831737,0.00026612196086216985,4.487074111825396,0.32627730995993526,60
49,bare,R:HP336,0.0,0.0035132870068015883,0.0002681553358625835,2.8001866628067695,0.33113193015239656,60
50,bare,R:HP338,0.0,0.0035464747958274994,0.0002688276208502144,0.9138147039679908,0.336958586801756,60
51,bare,R:HP340,0.0,0.0035718726511659647,0.00027929674126317373,5.595920113264848,0.33620390536783923,60
52,bare,R:HP400,0.0,0.003567656568960229,0.00026801415371330333,4.030414553202391,0.3332924548261678,60
53,bare,R:HP402,0.0,0.0035621531705902877,0.00026637622433556133,2.4396387152728147,0.3324561766402105,60
54,bare,R:HP404,0.0,0.0035599599288217583,0.00026910176046544474,0.43315143956181906,0.33184952132671347,60
55,bare,R:HP406,0.0,0.0035818717042975937,0.00027254451157898447,4.8885333974328535,0.3321413521245229,60
56,bare,R:HP408,0.0,0.0035720911505503364,0.0002796181243164567,3.2967460725663607,0.3340702838427205,60
57,bare,R:HP410,0.0,0.0035095673508891314,0.000279892885369223,1.598816212775784,0.3357311719591298,60
58,bare,R:HP412,0.0,0.0034943826828269468,0.00028187059718587365,6.007666714877374,0.33070906366305913,60
59,bare,R:HP414,0.0,0.00355395775392762,0.0002872309595529831,4.467975980895089,0.32821607138628245,60
60,bare,R:HP416,0.0,0.00359321734887425,0.00029375150955617685,2.5366659177224062,0.3346078734829379,60
61,bare,R:HP418,0.0,0.003566979728402927,0.00029833976910094976,1.0032205447703626,0.3371096195506671,60
62,bare,R:HP420,0.0,0.0035367549977152347,0.00030086623836038433,5.349893525470926,0.3342886984119048,60
63,bare,R:HP422,0.0,0.003477580371989787,0.00029445435150581023,3.805208929858207,0.3289824693471443,60
64,bare,R:HP424,0.0,0.0035010868507254506,0.00029261861077422576,1.921591105691244,0.33606134235597823,60
65,bare,R:HP426,0.0,0.0035228549145992685,0.0002969164706496147,0.30915212864047886,0.3353570977726955,60
66,bare,R:HP428,0.0,0.0034515907250248106,0.00030708607913634486,4.718755706933984,0.33810920190676313,60
67,bare,R:HP430,0.0,0.0034181910710122648,0.00030716818054556577,3.1019080976299724,0.3318535567468267,60
68,bare,R:HP502,0.0,0.00344690156558627,0.0003031914027521816,1.3881673292999572,0.33595583766055925,60
69,bare,R:HP504,0.0,0.0034778952549562297,0.00030398978313217576,5.674998660977895,0.3309782738277113,60
70,bare,R:HP506,0.0,0.0034142407998838937,0.0003168068168754108,4.148815534355682,0.3348470834179112,60
71,bare,R:HP508,0.0,0.0033705669092224735,0.0003194415676276479,2.1670718668383606,0.3271619222354593,60
72,bare,R:HP510,0.0,0.0033974452767236304,0.0003188607409528757,0.7108238408585348,0.3309753323412279,60
73,bare,R:HP512,0.0,0.00344068896462313,0.000314340471810056,5.054929986902878,0.3331929721407516,60
74,bare,R:HP514,0.0,0.0033929815993850973,0.0003270175359957171,3.533120249018068,0.3394677498854685,60
75,bare,R:HP516,0.0,0.003340328331142689,0.0003298392877968465,1.6848058919569349,0.3293054676407111,60
76,bare,R:HP518,0.0,0.0033168276303105317,0.00032852559411811785,0.06199323443431087,0.3322956194511188,60
77,bare,R:HP520,0.0,0.0033614381806119633,0.0003188577280636556,4.740624691383612,0.32832608769511784,60
78,bare,R:HP522,0.0,0.003358266136758929,0.0003203028727270315,3.237006668733201,0.33520710488453725,60
79,bare,R:HP524,0.0,0.0033590458067639154,0.0003205355246849814,0.7184970451059828,0.32802242955804894,60
80,bare,R:HP526,0.0,0.0033332427382753095,0.00032197946343778014,0.14627448667996154,0.33320895600927125,60
81,bare,R:HP528,0.0,0.003386465854026881,0.00031378177185325726,4.108179134212898,0.3315557612610634,60
82,bare,R:HP530,0.0,0.0034085830911532904,0.0003244168113247614,2.1679410945440973,0.34075316193619354,60
83,bare,R:HP532,0.0,0.003382479087919007,0.0003258222256431064,1.2322742547877317,0.33168970221462785,60
84,bare,R:HP602,0.0,0.0030810108419507837,0.00023522350402653807,5.183363669299309,0.33915462196307816,60
85,bare,R:HP604,0.0,0.003082058914200732,0.00023530099068128934,3.571160507031874,0.3395190591157592,60
86,bare,R:HP606,0.0,0.0030810768466370693,0.00023522949918308,2.2970294977261783,0.3392831811165881,60
87,bare,R:HP608,0.0,0.0030819404792063578,0.0002352783509635919,1.0613214210600201,0.3389295206453679,60
88,bare,R:HP610,0.0,0.0030852785255074235,0.0002350288559568676,5.503267300271114,0.3392063515575518,60
89,bare,R:HP612,0.0,0.003126061712920126,0.0002334770950494721,4.4351493383739875,0.3405390256619587,60
90,bare,R:HP614,0.0,0.0031087165385326326,0.0002332717904813288,3.1550967781982635,0.34139234938031887,60
91,bare,R:HP616,0.0,0.003063598383975301,0.00023842358945448834,0.2795166740286063,0.34067354338704076,60
92,bare,R:HP618,0.0,0.003043347105739852,0.00024073654231987287,6.183430792471046,0.34154592289401353,60
93,bare,R:HP620,0.0,0.0030829746508693424,0.0002351477916354193,3.8624159656318464,0.33922598642312624,60
94,bare,R:HP622,0.0,0.0030819803485855834,0.00023508921239351685,2.2036634047374686,0.3392416829087615,60
95,bare,R:HP624,0.0,0.003018566310679156,0.00023479224272883556,0.16132291166990886,0.3394286439893504,60
96,bare,R:HP626,0.0,0.0030306762516879382,0.00024107145066189128,4.991211093208057,0.34619646391538705,60
97,bare,R:HP628,0.0,0.003078232832167677,0.00023911575135188496,3.102245400666579,0.34610442199512986,60
98,bare,R:HP630,0.0,0.003122606730217999,0.00023055739551321427,1.392636807106327,0.3472863652983138,60
99,bare,R:HP632,0.0,0.0030472723017083694,0.0002329326371026595,6.046844192089325,0.3512389201472618,60
100,bare,R:HP634,0.0,0.0029918573210021815,0.00023912215716845458,4.165013225530007,0.3542743717634655,60
101,bare,R:HP636,0.0,0.0030747231154588167,0.0002404340035932367,2.710825164543905,0.3517551534297558,60
102,bare,R:HP638,0.0,0.003120375767688635,0.00023848740700262486,0.72444458019518,0.347762899540926,60
103,bare,R:HP640,0.0,0.0031445467478285758,0.00024267959278621544,5.5014313933518535,0.35511804571934114,60
104,sc220,R:HP100,0.0,0.0031596443104504814,0.0002444997498434026,3.7858219730721903,0.3545735449749506,60
105,sc220,R:HP102,0.0,0.003165615517958764,0.0002447437995609785,2.6767804270404976,0.35539211157374595,60
106,sc220,R:HP104,0.0,0.003186632434495615,0.0002454704214479331,0.3905592221037004,0.3542692653525764,60
107,sc220,R:HP106,0.0,0.003218739002203178,0.00024763223568692106,4.785864859797049,0.357331558815537,60
108,sc220,R:HP108,0.0,0.003218687429614008,0.0002492981573701116,3.0428546145907642,0.3545542746996725,60
109,sc220,R:HP110,0.0,0.003191352664880155,0.0002443939007291983,1.542205477211147,0.35381344220168853,60
110,sc220,R:HP112,0.0,0.0032224301207336202,0.00024022546773987485,5.83557917248648,0.35040215915934136,60
111,sc220,R:HP114,0.0,0.0032744198084205746,0.00024750344885230156,4.068095639239225,0.35827409216610473,60
112,sc220,R:HP116,0.0,0.0032731761019655003,0.0002543215145310454,2.418958235166605,0.35609426546426765,60
113,sc220,R:HP118,0.0,0.0032364099471686907,0.0002481360937469322,0.6365184902108014,0.35505824075877634,60
114,sc220,R:HP120,0.0,0.003256988092075508,0.00024337279851633303,5.279706183388619,0.3496824026544134,60
115,sc220,R:HP122,0.0,0.003318478157626758,0.000248779280117765,3.5523311822806463,0.3547230717139657,60
116,sc220,R:HP124,0.0,0.0033615142000575624,0.0002542875617201756,1.912507366078681,0.34632584656028526,60
117,sc220,R:HP126,0.0,0.0033361436664985943,0.00025099993687649437,0.10830807880365362,0.3486533260150078,60
118,sc220,R:HP128,0.0,0.003334610426418476,0.00024277800418605946,4.727764448985931,0.3480340197989393,60
119,sc220,R:HP130,0.0,0.003405129308433424,0.00024371665200877428,2.905440858262152,0.34738409670569376,60
120,sc220,R:HP202,0.0,0.0034584298164249128,0.00025455218185820613,1.305002942111455,0.3411845719229297,60
121,sc220,R:HP204,0.0,0.003413099290998328,0.00025481640789128937,5.686737927189042,0.3409562981618284,60
122,sc220,R:HP206,0.0,0.0033921059167664183,0.0002444884311498308,4.085826439193221,0.34470654567164905,60
123,sc220,R:HP208,0.0,0.0034576881185238864,0.00023702458831608748,2.156046887217493,0.3477966810931749,60
124,sc220,R:HP210,0.0,0.0034967032813634255,0.00024433469724095364,0.6677032529124894,0.3395558888801545,60
125,sc220,R:HP212,0.0,0.00342185499378634,0.000251819844694502,5.053976717410733,0.3401511142649302,60
126,sc220,R:HP214,0.0,0.0033717159980202623,0.0002449356599302976,3.522440774560293,0.3522984182450767,60
127,sc220,R:HP216,0.0,0.003454632582429435,0.00023727479515109974,1.5600724929873047,0.35458274486798835,60
128,sc220,R:HP218,0.0,0.00354376484817639,0.0002421557383397331,0.033627611499960006,0.35142006292499983,60
129,sc220,R:HP220,0.0,0.0035310628084444886,0.00025500961163506133,4.524851349647819,0.356696240673172,60
130,sc220,R:HP222,0.0,0.003542885312852835,0.00025646721926435886,3.0579342468782844,0.3553226488909574,60
131,sc220,R:HP224,0.0,0.0035574814368478764,0.00025168886286012023,0.385866444284659,0.3558146635722893,60
132,sc220,R:HP226,0.0,0.0036650429954615932,0.0002525200418313892,0.03250279971037453,0.34818033292535444,60
133,sc220,R:HP228,0.0,0.003577207677801674,0.0002608032433534552,3.7177770808477364,0.3464947203135437,60
134,sc220,R:HP230,0.0,0.003467566789288669,0.0002614900664992963,1.8524525733954424,0.3473673217862428,60
135,sc220,R:HP232,0.0,0.0035028900862053088,0.00025409059821358826,0.9678601777848344,0.3490409192378364,60
136,sc220,R:HP302,0.0,0.0035673895069961337,0.00025137955843705206,5.454763990801954,0.34471742444348713,60
137,sc220,R:HP304,0.0,0.003552591962619008,0.0002509029871139051,4.351397532354117,0.34636612842369885,60
138,sc220,R:HP306,0.0,0.0035704362993069514,0.0002515891470732201,3.1038593861537933,0.34273986053043387,60
139,sc220,R:HP308,0.0,0.003575302289585613,0.0002530151403321715,1.6106411965695213,0.34566461724546743,60
140,sc220,R:HP310,0.0,0.0035752916691002426,0.0002525663613279098,5.7681719954577515,0.3440703628170423,60
141,sc220,R:HP312,0.0,0.003543445267828275,0.0002552688998441305,4.799769342873501,0.351231159880811,60
142,sc220,R:HP314,0.0,0.003490740463837044,0.0002643465907860184,2.78107792762909,0.35277546702314594,60
143,sc220,R:HP316,0.0,0.0035171330457530463,0.00025696700083169033,0.5661170843915732,0.347492657310203,60
144,sc220,R:HP318,0.0,0.003559906917704157,0.0002522820418771311,0.052310602741486995,0.3436799489482439,60
145,sc220,R:HP320,0.0,0.003562484582524427,0.00025099448043626726,4.131116151694441,0.3453838322621104,60
146,sc220,R:HP322,0.0,0.0036146873044554345,0.0002552536506582062,2.3274506046448376,0.33548990548663166,60
147,sc220,R:HP324,0.0,0.003618124865339249,0.0002553411377779008,0.3883626838321694,0.3345031304943153,60
148,sc220,R:HP326,0.0,0.003601445003020198,0.0002754156799670334,5.169534700983849,0.3294016276759999,60
149,sc220,R:HP328,0.0,0.003576421841600929,0.00025599035615936014,3.7944584756327764,0.3326685733714449,60
150,sc220,R:HP330,0.0,0.003580771204533951,0.00026335734704182456,1.6137698173825972,0.3348254905876348,60
151,sc220,R:HP332,0.0,0.0036061814614302867,0.0002688234802496123,0.03289693258993752,0.32918572155922005,60
152,sc220,R:HP334,0.0,0.0035763324034831737,0.00026612196086216985,4.487074111825396,0.32627730995993526,60
153,sc220,R:HP336,0.0,0.0035132870068015883,0.0002681553358625835,2.8001866628067695,0.33113193015239656,60
154,sc220,R:HP338,0.0,0.0035464747958274994,0.0002688276208502144,0.9138147039679908,0.336958586801756,60
155,sc220,R:HP340,0.0,0.0035718726511659647,0.00027929674126317373,5.595920113264848,0.33620390536783923,60
156,sc220,R:HP400,0.0,0.003567656568960229,0.00026801415371330333,4.030414553202391,0.3332924548261678,60
157,sc220,R:HP402,0.0,0.0035621531705902877,0.00026637622433556133,2.4396387152728147,0.3324561766402105,60
158,sc220,R:HP404,0.0,0.0035599599288217583,0.00026910176046544474,0.43315143956181906,0.33184952132671347,60
159,sc220,R:HP406,0.0,0.0035818717042975937,0.00027254451157898447,4.8885333974328535,0.3321413521245229,60
160,sc220,R:HP408,0.0,0.0035720911505503364,0.0002796181243164567,3.2967460725663607,0.3340702838427205,60
161,sc220,R:HP410,0.0,0.0035095673508891314,0.000279892885369223,1.598816212775784,0.3357311719591298,60
162,sc220,R:HP412,0.0,0.0034943826828269468,0.00028187059718587365,6.007666714877374,0.33070906366305913,60
163,sc220,R:HP414,0.0,0.00355395775392762,0.0002872309595529831,4.467975980895089,0.32821607138628245,60
164,sc220,R:HP416,0.0,0.00359321734887425,0.00029375150955617685,2.5366659177224062,0.3346078734829379,60
165,sc220,R:HP418,0.0,0.003566979728402927,0.00029833976910094976,1.0032205447703626,0.3371096195506671,60
166,sc220,R:HP420,0.0,0.0035367549977152347,0.00030086623836038433,5.349893525470926,0.3342886984119048,60
167,sc220,R:HP422,0.0,0.003477580371989787,0.00029445435150581023,3.805208929858207,0.3289824693471443,60
168,sc220,R:HP424,0.0,0.0035010868507254506,0.00029261861077422576,1.921591105691244,0.33606134235597823,60
169,sc220,R:HP426,0.0,0.0035228549145992685,0.0002969164706496147,0.30915212864047886,0.3353570977726955,60
170,sc220,R:HP428,0.0,0.0034515907250248106,0.00030708607913634486,4.718755706933984,0.33810920190676313,60
171,sc220,R:HP430,0.0,0.0034181910710122648,0.00030716818054556577,3.1019080976299724,0.3318535567468267,60
172,sc220,R:HP502,0.0,0.00344690156558627,0.0003031914027521816,1.3881673292999572,0.33595583766055925,60
173,sc220,R:HP504,0.0,0.0034778952549562297,0.00030398978313217576,5.674998660977895,0.3309782738277113,60
174,sc220,R:HP506,0.0,0.0034142407998838937,0.0003168068168754108,4.148815534355682,0.3348470834179112,60
175,sc220,R:HP508,0.0,0.0033705669092224735,0.0003194415676276479,2.1670718668383606,0.3271619222354593,60
176,sc220,R:HP510,0.0,0.0033974452767236304,0.0003188607409528757,0.7108238408585348,0.3309753323412279,60
177,sc220,R:HP512,0.0,0.00344068896462313,0.000314340471810056,5.054929986902878,0.3331929721407516,60
178,sc220,R:HP514,0.0,0.0033929815993850973,0.0003270175359957171,3.533120249018068,0.3394677498854685,60
179,sc220,R:HP516,0.0,0.003340328331142689,0.0003298392877968465,1.6848058919569349,0.3293054676407111,60
180,sc220,R:HP518,0.0,0.0033168276303105317,0.00032852559411811785,0.06199323443431087,0.3322956194511188,60
181,sc220,R:HP520,0.0,0.0033614381806119633,0.0003188577280636556,4.740624691383612,0.32832608769511784,60
182,sc220,R:HP522,0.0,0.003358266136758929,0.0003203028727270315,3.237006668733201,0.33520710488453725,60
183,sc220,R:HP524,0.0,0.0033590458067639154,0.0003205355246849814,0.7184970451059828,0.32802242955804894,60
184,sc220,R:HP526,0.0,0.0033332427382753095,0.00032197946343778014,0.14627448667996154,0.33320895600927125,60
185,sc220,R:HP528,0.0,0.003386465854026881,0.00031378177185325726,4.108179134212898,0.3315557612610634,60
186,sc220,R:HP530,0.0,0.0034085830911532904,0.0003244168113247614,2.1679410945440973,0.34075316193619354,60
187,sc220,R:HP532,0.0,0.003382479087919007,0.0003258222256431064,1.2322742547877317,0.33168970221462785,60
188,sc220,R:HP602,0.0,0.0030810108419507837,0.00023522350402653807,5.183363669299309,0.33915462196307816,60
189,sc220,R:HP604,0.0,0.003082058914200732,0.00023530099068128934,3.571160507031874,0.3395190591157592,60
190,sc220,R:HP606,0.0,0.0030810768466370693,0.00023522949918308,2.2970294977261783,0.3392831811165881,60
191,sc220,R:HP608,0.0,0.0030819404792063578,0.0002352783509635919,1.0613214210600201,0.3389295206453679,60
192,sc220,R:HP610,0.0,0.0030852785255074235,0.0002350288559568676,5.503267300271114,0.3392063515575518,60
193,sc220,R:HP612,0.0,0.003126061712920126,0.0002334770950494721,4.4351493383739875,0.3405390256619587,60
194,sc220,R:HP614,0.0,0.0031087165385326326,0.0002332717904813288,3.1550967781982635,0.34139234938031887,60
195,sc220,R:HP616,0.0,0.003063598383975301,0.00023842358945448834,0.2795166740286063,0.34067354338704076,60
196,sc220,R:HP618,0.0,0.003043347105739852,0.00024073654231987287,6.183430792471046,0.34154592289401353,60
197,sc220,R:HP620,0.0,0.0030829746508693424,0.0002351477916354193,3.8624159656318464,0.33922598642312624,60
198,sc220,R:HP622,0.0,0.0030819803485855834,0.00023508921239351685,2.2036634047374686,0.3392416829087615,60
199,sc220,R:HP624,0.0,0.003018566310679156,0.00023479224272883556,0.16132291166990886,0.3394286439893504,60
200,sc220,R:HP626,0.0,0.0030306762516879382,0.00024107145066189128,4.991211093208057,0.34619646391538705,60
201,sc220,R:HP628,0.0,0.003078232832167677,0.00023911575135188496,3.102245400666579,0.34610442199512986,60
202,sc220,R:HP630,0.0,0.003122606730217999,0.00023055739551321427,1.392636807106327,0.3472863652983138,60
203,sc220,R:HP632,0.0,0.0030472723017083694,0.0002329326371026595,6.046844192089325,0.3512389201472618,60
204,sc220,R:HP634,0.0,0.0029918573210021815,0.00023912215716845458,4.165013225530007,0.3542743717634655,60
205,sc220,R:HP636,0.0,0.0030747231154588167,0.0002404340035932367,2.710825164543905,0.3517551534297558,60
206,sc220,R:HP638,0.0,0.003120375767688635,0.00023848740700262486,0.72444458019518,0.347762899540926,60
207,sc220,R:HP640,0.0,0.0031445467478285758,0.00024267959278621544,5.5014313933518535,0.35511804571934114,60
208,sc222,R:HP100,0.0,0.0031596443104504814,0.0002444997498434026,3.7858219730721903,0.3545735449749506,60
209,sc222,R:HP102,0.0,0.003165615517958764,0.0002447437995609785,2.6767804270404976,0.35539211157374595,60
210,sc222,R:HP104,0.0,0.003186632434495615,0.0002454704214479331,0.3905592221037004,0.3542692653525764,60
211,sc222,R:HP106,0.0,0.003218739002203178,0.00024763223568692106,4.785864859797049,0.357331558815537,60
212,sc222,R:HP108,0.0,0.003218687429614008,0.0002492981573701116,3.0428546145907642,0.3545542746996725,60
213,sc222,R:HP110,0.0,0.003191352664880155,0.0002443939007291983,1.542205477211147,0.35381344220168853,60
214,sc222,R:HP112,0.0,0.0032224301207336202,0.00024022546773987485,5.83557917248648,0.35040215915934136,60
215,sc222,R:HP114,0.0,0.0032744198084205746,0.00024750344885230156,4.068095639239225,0.35827409216610473,60
216,sc222,R:HP116,0.0,0.0032731761019655003,0.0002543215145310454,2.418958235166605,0.35609426546426765,60
217,sc222,R:HP118,0.0,0.0032364099471686907,0.0002481360937469322,0.6365184902108014,0.35505824075877634,60
218,sc222,R:HP120,0.0,0.003256988092075508,0.00024337279851633303,5.279706183388619,0.3496824026544134,60
219,sc222,R:HP122,0.0,0.003318478157626758,0.000248779280117765,3.5523311822806463,0.3547230717139657,60
220,sc222,R:HP124,0.0,0.0033615142000575624,0.0002542875617201756,1.912507366078681,0.34632584656028526,60
221,sc222,R:HP126,0.0,0.0033361436664985943,0.00025099993687649437,0.10830807880365362,0.3486533260150078,60
222,sc222,R:HP128,0.0,0.003334610426418476,0.00024277800418605946,4.727764448985931,0.3480340197989393,60
223,sc222,R:HP130,0.0,0.003405129308433424,0.00024371665200877428,2.905440858262152,0.34738409670569376,60
224,sc222,R:HP202,0.0,0.0034584298164249128,0.00025455218185820613,1.305002942111455,0.3411845719229297,60
225,sc222,R:HP204,0.0,0.003413099290998328,0.00025481640789128937,5.686737927189042,0.3409562981618284,60
226,sc222,R:HP206,0.0,0.0033921059167664183,0.0002444884311498308,4.085826439193221,0.34470654567164905,60
227,sc222,R:HP208,0.0,0.0034576881185238864,0.00023702458831608748,2.156046887217493,0.3477966810931749,60
228,sc222,R:HP210,0.0,0.0034967032813634255,0.00024433469724095364,0.6677032529124894,0.3395558888801545,60
229,sc222,R:HP212,0.0,0.00342185499378634,0.000251819844694502,5.053976717410733,0.3401511142649302,60
230,sc222,R:HP214,0.0,0.0033717159980202623,0.0002449356599302976,3.522440774560293,0.3522984182450767,60
231,sc222,R:HP216,0.0,0.003454632582429435,0.00023727479515109974,1.5600724929873047,0.35458274486798835,60
232,sc222,R:HP218,0.0,0.00354376484817639,0.0002421557383397331,0.033627611499960006,0.35142006292499983,60
233,sc222,R:HP220,0.0,0.0035310628084444886,0.00025500961163506133,4.524851349647819,0.356696240673172,60
234,sc222,R:HP222,0.0,0.003542885312852835,0.00025646721926435886,3.0579342468782844,0.3553226488909574,60
235,sc222,R:HP224,0.0,0.0035574814368478764,0.00025168886286012023,0.385866444284659,0.3558146635722893,60
236,sc222,R:HP226,0.0,0.0036650429954615932,0.0002525200418313892,0.03250279971037453,0.34818033292535444,60
237,sc222,R:HP228,0.0,0.003577207677801674,0.0002608032433534552,3.7177770808477364,0.3464947203135437,60
238,sc222,R:HP230,0.0,0.003467566789288669,0.0002614900664992963,1.8524525733954424,0.3473673217862428,60
239,sc222,R:HP232,0.0,0.0035028900862053088,0.00025409059821358826,0.9678601777848344,0.3490409192378364,60
240,sc222,R:HP302,0.0,0.0035673895069961337,0.00025137955843705206,5.454763990801954,0.34471742444348713,60
241,sc222,R:HP304,0.0,0.003552591962619008,0.0002509029871139051,4.351397532354117,0.34636612842369885,60
242,sc222,R:HP306,0.0,0.0035704362993069514,0.0002515891470732201,3.1038593861537933,0.34273986053043387,60
243,sc222,R:HP308,0.0,0.003575302289585613,0.0002530151403321715,1.6106411965695213,0.34566461724546743,60
244,sc222,R:HP310,0.0,0.0035752916691002426,0.0002525663613279098,5.7681719954577515,0.3440703628170423,60
245,sc222,R:HP312,0.0,0.003543445267828275,0.0002552688998441305,4.799769342873501,0.351231159880811,60
246,sc222,R:HP314,0.0,0.003490740463837044,0.0002643465907860184,2.78107792762909,0.35277546702314594,60
247,sc222,R:HP316,0.0,0.0035171330457530463,0.00025696700083169033,0.5661170843915732,0.347492657310203,60
248,sc222,R:HP318,0.0,0.003559906917704157,0.0002522820418771311,0.052310602741486995,0.3436799489482439,60
249,sc222,R:HP320,0.0,0.003562484582524427,0.00025099448043626726,4.131116151694441,0.3453838322621104,60
250,sc222,R:HP322,0.0,0.0036146873044554345,0.0002552536506582062,2.3274506046448376,0.33548990548663166,60
251,sc222,R:HP324,0.0,0.003618124865339249,0.0002553411377779008,0.3883626838321694,0.3345031304943153,60
252,sc222,R:HP326,0.0,0.003601445003020198,0.0002754156799670334,5.169534700983849,0.3294016276759999,60
253,sc222,R:HP328,0.0,0.003576421841600929,0.00025599035615936014,3.7944584756327764,0.3326685733714449,60
254,sc222,R:HP330,0.0,0.003580771204533951,0.00026335734704182456,1.6137698173825972,0.3348254905876348,60
255,sc222,R:HP332,0.0,0.0036061814614302867,0.0002688234802496123,0.03289693258993752,0.32918572155922005,60
256,sc222,R:HP334,0.0,0.0035763324034831737,0.00026612196086216985,4.487074111825396,0.32627730995993526,60
257,sc222,R:HP336,0.0,0.0035132870068015883,0.0002681553358625835,2.8001866628067695,0.33113193015239656,60
258,sc222,R:HP338,0.0,0.0035464747958274994,0.0002688276208502144,0.9138147039679908,0.336958586801756,60
259,sc222,R:HP340,0.0,0.0035718726511659647,0.00027929674126317373,5.595920113264848,0.33620390536783923,60
260,sc222,R:HP400,0.0,0.003567656568960229,0.00026801415371330333,4.030414553202391,0.3332924548261678,60
261,sc222,R:HP402,0.0,0.0035621531705902877,0.00026637622433556133,2.4396387152728147,0.3324561766402105,60
262,sc222,R:HP404,0.0,0.0035599599288217583,0.00026910176046544474,0.43315143956181906,0.33184952132671347,60
263,sc222,R:HP406,0.0,0.0035818717042975937,0.00027254451157898447,4.8885333974328535,0.3321413521245229,60
264,sc222,R:HP408,0.0,0.0035720911505503364,0.0002796181243164567,3.2967460725663607,0.3340702838427205,60
265,sc222,R:HP410,0.0,0.0035095673508891314,0.000279892885369223,1.598816212775784,0.3357311719591298,60
266,sc222,R:HP412,0.0,0.0034943826828269468,0.00028187059718587365,6.007666714877374,0.33070906366305913,60
267,sc222,R:HP414,0.0,0.00355395775392762,0.0002872309595529831,4.467975980895089,0.32821607138628245,60
268,sc222,R:HP416,0.0,0.00359321734887425,0.00029375150955617685,2.5366659177224062,0.3346078734829379,60
269,sc222,R:HP418,0.0,0.003566979728402927,0.00029833976910094976,1.0032205447703626,0.3371096195506671,60
270,sc222,R:HP420,0.0,0.0035367549977152347,0.00030086623836038433,5.349893525470926,0.3342886984119048,60
271,sc222,R:HP422,0.0,0.003477580371989787,0.00029445435150581023,3.805208929858207,0.3289824693471443,60
272,sc222,R:HP424,0.0,0.0035010868507254506,0.00029261861077422576,1.921591105691244,0.33606134235597823,60
273,sc222,R:HP426,0.0,0.0035228549145992685,0.0002969164706496147,0.30915212864047886,0.3353570977726955,60
274,sc222,R:HP428,0.0,0.0034515907250248106,0.00030708607913634486,4.718755706933984,0.33810920190676313,60
275,sc222,R:HP430,0.0,0.0034181910710122648,0.00030716818054556577,3.1019080976299724,0.3318535567468267,60
276,sc222,R:HP502,0.0,0.00344690156558627,0.0003031914027521816,1.3881673292999572,0.33595583766055925,60
277,sc222,R:HP504,0.0,0.0034778952549562297,0.00030398978313217576,5.674998660977895,0.3309782738277113,60
278,sc222,R:HP506,0.0,0.0034142407998838937,0.0003168068168754108,4.148815534355682,0.3348470834179112,60
279,sc222,R:HP508,0.0,0.0033705669092224735,0.0003194415676276479,2.1670718668383606,0.3271619222354593,60
280,sc222,R:HP510,0.0,0.0033974452767236304,0.0003188607409528757,0.7108238408585348,0.3309753323412279,60
281,sc222,R:HP512,0.0,0.00344068896462313,0.000314340471810056,5.054929986902878,0.3331929721407516,60
282,sc222,R:HP514,0.0,0.0033929815993850973,0.0003270175359957171,3.533120249018068,0.3394677498854685,60
283,sc222,R:HP516,0.0,0.003340328331142689,0.0003298392877968465,1.6848058919569349,0.3293054676407111,60
284,sc222,R:HP518,0.0,0.0033168276303105317,0.00032852559411811785,0.06199323443431087,0.3322956194511188,60
285,sc222,R:HP520,0.0,0.0033614381806119633,0.0003188577280636556,4.740624691383612,0.32832608769511784,60
286,sc222,R:HP522,0.0,0.003358266136758929,0.0003203028727270315,3.237006668733201,0.33520710488453725,60
287,sc222,R:HP524,0.0,0.0033590458067639154,0.0003205355246849814,0.7184970451059828,0.32802242955804894,60
288,sc222,R:HP526,0.0,0.0033332427382753095,0.00032197946343778014,0.14627448667996154,0.33320895600927125,60
289,sc222,R:HP528,0.0,0.003386465854026881,0.00031378177185325726,4.108179134212898,0.3315557612610634,60
290,sc222,R:HP530,0.0,0.0034085830911532904,0.0003244168113247614,2.1679410945440973,0.34075316193619354,60
291,sc222,R:HP532,0.0,0.003382479087919007,0.0003258222256431064,1.2322742547877317,0.33168970221462785,60
292,sc222,R:HP602,0.0,0.0030810108419507837,0.00023522350402653807,5.183363669299309,0.33915462196307816,60
293,sc222,R:HP604,0.0,0.003082058914200732,0.00023530099068128934,3.571160507031874,0.3395190591157592,60
294,sc222,R:HP606,0.0,0.0030810768466370693,0.00023522949918308,2.2970294977261783,0.3392831811165881,60
295,sc222,R:HP608,0.0,0.0030819404792063578,0.0002352783509635919,1.0613214210600201,0.3389295206453679,60
296,sc222,R:HP610,0.0,0.0030852785255074235,0.0002350288559568676,5.503267300271114,0.3392063515575518,60
297,sc222,R:HP612,0.0,0.003126061712920126,0.0002334770950494721,4.4351493383739875,0.3405390256619587,60
298,sc222,R:HP614,0.0,0.0031087165385326326,0.0002332717904813288,3.1550967781982635,0.34139234938031887,60
299,sc222,R:HP616,0.0,0.003063598383975301,0.00023842358945448834,0.2795166740286063,0.34067354338704076,60
300,sc222,R:HP618,0.0,0.003043347105739852,0.00024073654231987287,6.183430792471046,0.34154592289401353,60
301,sc222,R:HP620,0.0,0.0030829746508693424,0.0002351477916354193,3.8624159656318464,0.33922598642312624,60
302,sc222,R:HP622,0.0,0.0030819803485855834,0.00023508921239351685,2.2036634047374686,0.3392416829087615,60
303,sc222,R:HP624,0.0,0.003018566310679156,0.00023479224272883556,0.16132291166990886,0.3394286439893504,60
304,sc222,R:HP626,0.0,0.0030306762516879382,0.00024107145066189128,4.991211093208057,0.34619646391538705,60
305,sc222,R:HP628,0.0,0.003078232832167677,0.00023911575135188496,3.102245400666579,0.34610442199512986,60
306,sc222,R:HP630,0.0,0.003122606730217999,0.00023055739551321427,1.392636807106327,0.3472863652983138,60
307,sc222,R:HP632,0.0,0.0030472723017083694,0.0002329326371026595,6.046844192089325,0.3512389201472618,60
308,sc222,R:HP634,0.0,0.0029918573210021815,0.00023912215716845458,4.165013225530007,0.3542743717634655,60
309,sc222,R:HP636,0.0,0.0030747231154588167,0.0002404340035932367,2.710825164543905,0.3517551534297558,60
310,sc222,R:HP638,0.0,0.003120375767688635,0.00023848740700262486,0.72444458019518,0.347762899540926,60
311,sc222,R:HP640,0.0,0.0031445467478285758,0.00024267959278621544,5.5014313933518535,0.35511804571934114,60
312,sc319,R:HP100,0.0,0.0031596443104504814,0.0002444997498434026,3.7858219730721903,0.3545735449749506,60
313,sc319,R:HP102,0.0,0.003165615517958764,0.0002447437995609785,2.6767804270404976,0.35539211157374595,60
314,sc319,R:HP104,0.0,0.003186632434495615,0.0002454704214479331,0.3905592221037004,0.3542692653525764,60
315,sc319,R:HP106,0.0,0.003218739002203178,0.00024763223568692106,4.785864859797049,0.357331558815537,60
316,sc319,R:HP108,0.0,0.003218687429614008,0.0002492981573701116,3.0428546145907642,0.3545542746996725,60
317,sc319,R:HP110,0.0,0.003191352664880155,0.0002443939007291983,1.542205477211147,0.35381344220168853,60
318,sc319,R:HP112,0.0,0.0032224301207336202,0.00024022546773987485,5.83557917248648,0.35040215915934136,60
319,sc319,R:HP114,0.0,0.0032744198084205746,0.00024750344885230156,4.068095639239225,0.35827409216610473,60
320,sc319,R:HP116,0.0,0.0032731761019655003,0.0002543215145310454,2.418958235166605,0.35609426546426765,60
321,sc319,R:HP118,0.0,0.0032364099471686907,0.0002481360937469322,0.6365184902108014,0.35505824075877634,60
322,sc319,R:HP120,0.0,0.003256988092075508,0.00024337279851633303,5.279706183388619,0.3496824026544134,60
323,sc319,R:HP122,0.0,0.003318478157626758,0.000248779280117765,3.5523311822806463,0.3547230717139657,60
324,sc319,R:HP124,0.0,0.0033615142000575624,0.0002542875617201756,1.912507366078681,0.34632584656028526,60
325,sc319,R:HP126,0.0,0.0033361436664985943,0.00025099993687649437,0.10830807880365362,0.3486533260150078,60
326,sc319,R:HP128,0.0,0.003334610426418476,0.00024277800418605946,4.727764448985931,0.3480340197989393,60
327,sc319,R:HP130,0.0,0.003405129308433424,0.00024371665200877428,2.905440858262152,0.34738409670569376,60
328,sc319,R:HP202,0.0,0.0034584298164249128,0.00025455218185820613,1.305002942111455,0.3411845719229297,60
329,sc319,R:HP204,0.0,0.003413099290998328,0.00025481640789128937,5.686737927189042,0.3409562981618284,60
330,sc319,R:HP206,0.0,0.0033921059167664183,0.0002444884311498308,4.085826439193221,0.34470654567164905,60
331,sc319,R:HP208,0.0,0.0034576881185238864,0.00023702458831608748,2.156046887217493,0.3477966810931749,60
332,sc319,R:HP210,0.0,0.0034967032813634255,0.00024433469724095364,0.6677032529124894,0.3395558888801545,60
333,sc319,R:HP212,0.0,0.00342185499378634,0.000251819844694502,5.053976717410733,0.3401511142649302,60
334,sc319,R:HP214,0.0,0.0033717159980202623,0.0002449356599302976,3.522440774560293,0.3522984182450767,60
335,sc319,R:HP216,0.0,0.003454632582429435,0.00023727479515109974,1.5600724929873047,0.35458274486798835,60
336,sc319,R:HP218,0.0,0.00354376484817639,0.0002421557383397331,0.033627611499960006,0.35142006292499983,60
337,sc319,R:HP220,0.0,0.0035310628084444886,0.00025500961163506133,4.524851349647819,0.356696240673172,60
338,sc319,R:HP222,0.0,0.003542885312852835,0.00025646721926435886,3.0579342468782844,0.3553226488909574,60
339,sc319,R:HP224,0.0,0.0035574814368478764,0.00025168886286012023,0.385866444284659,0.3558146635722893,60
340,sc319,R:HP226,0.0,0.0036650429954615932,0.0002525200418313892,0.03250279971037453,0.34818033292535444,60
341,sc319,R:HP228,0.0,0.003577207677801674,0.0002608032433534552,3.7177770808477364,0.3464947203135437,60
342,sc319,R:HP230,0.0,0.003467566789288669,0.0002614900664992963,1.8524525733954424,0.3473673217862428,60
343,sc319,R:HP232,0.0,0.0035028900862053088,0.00025409059821358826,0.9678601777848344,0.3490409192378364,60
344,sc319,R:HP302,0.0,0.0035673895069961337,0.00025137955843705206,5.454763990801954,0.34471742444348713,60
345,sc319,R:HP304,0.0,0.003552591962619008,0.0002509029871139051,4.351397532354117,0.34636612842369885,60
346,sc319,R:HP306,0.0,0.0035704362993069514,0.0002515891470732201,3.1038593861537933,0.34273986053043387,60
347,sc319,R:HP308,0.0,0.003575302289585613,0.0002530151403321715,1.6106411965695213,0.34566461724546743,60
348,sc319,R:HP310,0.0,0.0035752916691002426,0.0002525663613279098,5.7681719954577515,0.3440703628170423,60
349,sc319,R:HP312,0.0,0.003543445267828275,0.0002552688998441305,4.799769342873501,0.351231159880811,60
350,sc319,R:HP314,0.0,0.003490740463837044,0.0002643465907860184,2.78107792762909,0.35277546702314594,60
351,sc319,R:HP316,0.0,0.0035171330457530463,0.00025696700083169033,0.5661170843915732,0.347492657310203,60
352,sc319,R:HP318,0.0,0.003559906917704157,0.0002522820418771311,0.052310602741486995,0.3436799489482439,60
353,sc319,R:HP320,0.0,0.003562484582524427,0.00025099448043626726,4.131116151694441,0.3453838322621104,60
354,sc319,R:HP322,0.0,0.0036146873044554345,0.0002552536506582062,2.3274506046448376,0.33548990548663166,60
355,sc319,R:HP324,0.0,0.003618124865339249,0.0002553411377779008,0.3883626838321694,0.3345031304943153,60
356,sc319,R:HP326,0.0,0.003601445003020198,0.0002754156799670334,5.169534700983849,0.3294016276759999,60
357,sc319,R:HP328,0.0,0.003576421841600929,0.00025599035615936014,3.7944584756327764,0.3326685733714449,60
358,sc319,R:HP330,0.0,0.003580771204533951,0.00026335734704182456,1.6137698173825972,0.3348254905876348,60
359,sc319,R:HP332,0.0,0.0036061814614302867,0.0002688234802496123,0.03289693258993752,0.32918572155922005,60
360,sc319,R:HP334,0.0,0.0035763324034831737,0.00026612196086216985,4.487074111825396,0.32627730995993526,60
361,sc319,R:HP336,0.0,0.0035132870068015883,0.0002681553358625835,2.8001866628067695,0.33113193015239656,60
362,sc319,R:HP338,0.0,0.0035464747958274994,0.0002688276208502144,0.9138147039679908,0.336958586801756,60
363,sc319,R:HP340,0.0,0.0035718726511659647,0.00027929674126317373,5.595920113264848,0.33620390536783923,60
364,sc319,R:HP400,0.0,0.003567656568960229,0.00026801415371330333,4.030414553202391,0.3332924548261678,60
365,sc319,R:HP402,0.0,0.0035621531705902877,0.00026637622433556133,2.4396387152728147,0.3324561766402105,60
366,sc319,R:HP404,0.0,0.0035599599288217583,0.00026910176046544474,0.43315143956181906,0.33184952132671347,60
367,sc319,R:HP406,0.0,0.0035818717042975937,0.00027254451157898447,4.8885333974328535,0.3321413521245229,60
368,sc319,R:HP408,0.0,0.0035720911505503364,0.0002796181243164567,3.2967460725663607,0.3340702838427205,60
369,sc319,R:HP410,0.0,0.0035095673508891314,0.000279892885369223,1.598816212775784,0.3357311719591298,60
370,sc319,R:HP412,0.0,0.0034943826828269468,0.00028187059718587365,6.007666714877374,0.33070906366305913,60
371,sc319,R:HP414,0.0,0.00355395775392762,0.0002872309595529831,4.467975980895089,0.32821607138628245,60
372,sc319,R:HP416,0.0,0.00359321734887425,0.00029375150955617685,2.5366659177224062,0.3346078734829379,60
373,sc319,R:HP418,0.0,0.003566979728402927,0.00029833976910094976,1.0032205447703626,0.3371096195506671,60
374,sc319,R:HP420,0.0,0.0035367549977152347,0.00030086623836038433,5.349893525470926,0.3342886984119048,60
375,sc319,R:HP422,0.0,0.003477580371989787,0.00029445435150581023,3.805208929858207,0.3289824693471443,60
376,sc319,R:HP424,0.0,0.0035010868507254506,0.00029261861077422576,1.921591105691244,0.33606134235597823,60
377,sc319,R:HP426,0.0,0.0035228549145992685,0.0002969164706496147,0.30915212864047886,0.3353570977726955,60
378,sc319,R:HP428,0.0,0.0034515907250248106,0.00030708607913634486,4.718755706933984,0.33810920190676313,60
379,sc319,R:HP430,0.0,0.0034181910710122648,0.00030716818054556577,3.1019080976299724,0.3318535567468267,60
380,sc319,R:HP502,0.0,0.00344690156558627,0.0003031914027521816,1.3881673292999572,0.33595583766055925,60
381,sc319,R:HP504,0.0,0.0034778952549562297,0.00030398978313217576,5.674998660977895,0.3309782738277113,60
382,sc319,R:HP506,0.0,0.0034142407998838937,0.0003168068168754108,4.148815534355682,0.3348470834179112,60
383,sc319,R:HP508,0.0,0.0033705669092224735,0.0003194415676276479,2.1670718668383606,0.3271619222354593,60
384,sc319,R:HP510,0.0,0.0033974452767236304,0.0003188607409528757,0.7108238408585348,0.3309753323412279,60
385,sc319,R:HP512,0.0,0.00344068896462313,0.000314340471810056,5.054929986902878,0.3331929721407516,60
386,sc319,R:HP514,0.0,0.0033929815993850973,0.0003270175359957171,3.533120249018068,0.3394677498854685,60
387,sc319,R:HP516,0.0,0.003340328331142689,0.0003298392877968465,1.6848058919569349,0.3293054676407111,60
388,sc319,R:HP518,0.0,0.0033168276303105317,0.00032852559411811785,0.06199323443431087,0.3322956194511188,60
389,sc319,R:HP520,0.0,0.0033614381806119633,0.0003188577280636556,4.740624691383612,0.32832608769511784,60
390,sc319,R:HP522,0.0,0.003358266136758929,0.0003203028727270315,3.237006668733201,0.33520710488453725,60
391,sc319,R:HP524,0.0,0.0033590458067639154,0.0003205355246849814,0.7184970451059828,0.32802242955804894,60
392,sc319,R:HP526,0.0,0.0033332427382753095,0.00032197946343778014,0.14627448667996154,0.33320895600927125,60
393,sc319,R:HP528,0.0,0.003386465854026881,0.00031378177185325726,4.108179134212898,0.3315557612610634,60
394,sc319,R:HP530,0.0,0.0034085830911532904,0.0003244168113247614,2.1679410945440973,0.34075316193619354,60
395,sc319,R:HP532,0.0,0.003382479087919007,0.0003258222256431064,1.2322742547877317,0.33168970221462785,60
396,sc319,R:HP602,0.0,0.0030810108419507837,0.00023522350402653807,5.183363669299309,0.33915462196307816,60
397,sc319,R:HP604,0.0,0.003082058914200732,0.00023530099068128934,3.571160507031874,0.3395190591157592,60
398,sc319,R:HP606,0.0,0.0030810768466370693,0.00023522949918308,2.2970294977261783,0.3392831811165881,60
399,sc319,R:HP608,0.0,0.0030819404792063578,0.0002352783509635919,1.0613214210600201,0.3389295206453679,60
400,sc319,R:HP610,0.0,0.0030852785255074235,0.0002350288559568676,5.503267300271114,0.3392063515575518,60
401,sc319,R:HP612,0.0,0.003126061712920126,0.0002334770950494721,4.4351493383739875,0.3405390256619587,60
402,sc319,R:HP614,0.0,0.0031087165385326326,0.0002332717904813288,3.1550967781982635,0.34139234938031887,60
403,sc319,R:HP616,0.0,0.003063598383975301,0.00023842358945448834,0.2795166740286063,0.34067354338704076,60
404,sc319,R:HP618,0.0,0.003043347105739852,0.00024073654231987287,6.183430792471046,0.34154592289401353,60
405,sc319,R:HP620,0.0,0.0030829746508693424,0.0002351477916354193,3.8624159656318464,0.33922598642312624,60
406,sc319,R:HP622,0.0,0.0030819803485855834,0.00023508921239351685,2.2036634047374686,0.3392416829087615,60
407,sc319,R:HP624,0.0,0.003018566310679156,0.00023479224272883556,0.16132291166990886,0.3394286439893504,60
408,sc319,R:HP626,0.0,0.0030306762516879382,0.00024107145066189128,4.991211093208057,0.34619646391538705,60
409,sc319,R:HP628,0.0,0.003078232832167677,0.00023911575135188496,3.102245400666579,0.34610442199512986,60
410,sc319,R:HP630,0.0,0.003122606730217999,0.00023055739551321427,1.392636807106327,0.3472863652983138,60
411,sc319,R:HP632,0.0,0.0030472723017083694,0.0002329326371026595,6.046844192089325,0.3512389201472618,60
412,sc319,R:HP634,0.0,0.0029918573210021815,0.00023912215716845458,4.165013225530007,0.3542743717634655,60
413,sc319,R:HP636,0.0,0.0030747231154588167,0.0002404340035932367,2.710825164543905,0.3517551534297558,60
414,sc319,R:HP638,0.0,0.003120375767688635,0.00023848740700262486,0.72444458019518,0.347762899540926,60
415,sc319,R:HP640,0.0,0.0031445467478285758,0.00024267959278621544,5.5014313933518535,0.35511804571934114,60
416,sc321,R:HP100,0.0,0.0031596443104504814,0.0002444997498434026,3.7858219730721903,0.3545735449749506,60
417,sc321,R:HP102,0.0,0.003165615517958764,0.0002447437995609785,2.6767804270404976,0.35539211157374595,60
418,sc321,R:HP104,0.0,0.003186632434495615,0.0002454704214479331,0.3905592221037004,0.3542692653525764,60
419,sc321,R:HP106,0.0,0.003218739002203178,0.00024763223568692106,4.785864859797049,0.357331558815537,60
420,sc321,R:HP108,0.0,0.003218687429614008,0.0002492981573701116,3.0428546145907642,0.3545542746996725,60
421,sc321,R:HP110,0.0,0.003191352664880155,0.0002443939007291983,1.542205477211147,0.35381344220168853,60
422,sc321,R:HP112,0.0,0.0032224301207336202,0.00024022546773987485,5.83557917248648,0.35040215915934136,60
423,sc321,R:HP114,0.0,0.0032744198084205746,0.00024750344885230156,4.068095639239225,0.35827409216610473,60
424,sc321,R:HP116,0.0,0.0032731761019655003,0.0002543215145310454,2.418958235166605,0.35609426546426765,60
425,sc321,R:HP118,0.0,0.0032364099471686907,0.0002481360937469322,0.6365184902108014,0.35505824075877634,60
426,sc321,R:HP120,0.0,0.003256988092075508,0.00024337279851633303,5.279706183388619,0.3496824026544134,60
427,sc321,R:HP122,0.0,0.003318478157626758,0.000248779280117765,3.5523311822806463,0.3547230717139657,60
428,sc321,R:HP124,0.0,0.0033615142000575624,0.0002542875617201756,1.912507366078681,0.34632584656028526,60
429,sc321,R:HP126,0.0,0.0033361436664985943,0.00025099993687649437,0.10830807880365362,0.3486533260150078,60
430,sc321,R:HP128,0.0,0.003334610426418476,0.00024277800418605946,4.727764448985931,0.3480340197989393,60
431,sc321,R:HP130,0.0,0.003405129308433424,0.00024371665200877428,2.905440858262152,0.34738409670569376,60
432,sc321,R:HP202,0.0,0.0034584298164249128,0.00025455218185820613,1.305002942111455,0.3411845719229297,60
433,sc321,R:HP204,0.0,0.003413099290998328,0.00025481640789128937,5.686737927189042,0.3409562981618284,60
434,sc321,R:HP206,0.0,0.0033921059167664183,0.0002444884311498308,4.085826439193221,0.34470654567164905,60
435,sc321,R:HP208,0.0,0.0034576881185238864,0.00023702458831608748,2.156046887217493,0.3477966810931749,60
436,sc321,R:HP210,0.0,0.0034967032813634255,0.00024433469724095364,0.6677032529124894,0.3395558888801545,60
437,sc321,R:HP212,0.0,0.00342185499378634,0.000251819844694502,5.053976717410733,0.3401511142649302,60
438,sc321,R:HP214,0.0,0.0033717159980202623,0.0002449356599302976,3.522440774560293,0.3522984182450767,60
439,sc321,R:HP216,0.0,0.003454632582429435,0.00023727479515109974,1.5600724929873047,0.35458274486798835,60
440,sc321,R:HP218,0.0,0.00354376484817639,0.0002421557383397331,0.033627611499960006,0.35142006292499983,60
441,sc321,R:HP220,0.0,0.0035310628084444886,0.00025500961163506133,4.524851349647819,0.356696240673172,60
442,sc321,R:HP222,0.0,0.003542885312852835,0.00025646721926435886,3.0579342468782844,0.3553226488909574,60
443,sc321,R:HP224,0.0,0.0035574814368478764,0.00025168886286012023,0.385866444284659,0.3558146635722893,60
444,sc321,R:HP226,0.0,0.0036650429954615932,0.0002525200418313892,0.03250279971037453,0.34818033292535444,60
445,sc321,R:HP228,0.0,0.003577207677801674,0.0002608032433534552,3.7177770808477364,0.3464947203135437,60
446,sc321,R:HP230,0.0,0.003467566789288669,0.0002614900664992963,1.8524525733954424,0.3473673217862428,60
447,sc321,R:HP232,0.0,0.0035028900862053088,0.00025409059821358826,0.9678601777848344,0.3490409192378364,60
448,sc321,R:HP302,0.0,0.0035673895069961337,0.00025137955843705206,5.454763990801954,0.34471742444348713,60
449,sc321,R:HP304,0.0,0.003552591962619008,0.0002509029871139051,4.351397532354117,0.34636612842369885,60
450,sc321,R:HP306,0.0,0.0035704362993069514,0.0002515891470732201,3.1038593861537933,0.34273986053043387,60
451,sc321,R:HP308,0.0,0.003575302289585613,0.0002530151403321715,1.6106411965695213,0.34566461724546743,60
452,sc321,R:HP310,0.0,0.0035752916691002426,0.0002525663613279098,5.7681719954577515,0.3440703628170423,60
453,sc321,R:HP312,0.0,0.003543445267828275,0.0002552688998441305,4.799769342873501,0.351231159880811,60
454,sc321,R:HP314,0.0,0.003490740463837044,0.0002643465907860184,2.78107792762909,0.35277546702314594,60
455,sc321,R:HP316,0.0,0.0035171330457530463,0.00025696700083169033,0.5661170843915732,0.347492657310203,60
456,sc321,R:HP318,0.0,0.003559906917704157,0.0002522820418771311,0.052310602741486995,0.3436799489482439,60
457,sc321,R:HP320,0.0,0.003562484582524427,0.00025099448043626726,4.131116151694441,0.3453838322621104,60
458,sc321,R:HP322,0.0,0.0036146873044554345,0.0002552536506582062,2.3274506046448376,0.33548990548663166,60
459,sc321,R:HP324,0.0,0.003618124865339249,0.0002553411377779008,0.3883626838321694,0.3345031304943153,60
460,sc321,R:HP326,0.0,0.003601445003020198,0.0002754156799670334,5.169534700983849,0.3294016276759999,60
461,sc321,R:HP328,0.0,0.003576421841600929,0.00025599035615936014,3.7944584756327764,0.3326685733714449,60
462,sc321,R:HP330,0.0,0.003580771204533951,0.00026335734704182456,1.6137698173825972,0.3348254905876348,60
463,sc321,R:HP332,0.0,0.0036061814614302867,0.0002688234802496123,0.03289693258993752,0.32918572155922005,60
464,sc321,R:HP334,0.0,0.0035763324034831737,0.00026612196086216985,4.487074111825396,0.32627730995993526,60
465,sc321,R:HP336,0.0,0.0035132870068015883,0.0002681553358625835,2.8001866628067695,0.33113193015239656,60
466,sc321,R:HP338,0.0,0.0035464747958274994,0.0002688276208502144,0.9138147039679908,0.336958586801756,60
467,sc321,R:HP340,0.0,0.0035718726511659647,0.00027929674126317373,5.595920113264848,0.33620390536783923,60
468,sc321,R:HP400,0.0,0.003567656568960229,0.00026801415371330333,4.030414553202391,0.3332924548261678,60
469,sc321,R:HP402,0.0,0.0035621531705902877,0.00026637622433556133,2.4396387152728147,0.3324561766402105,60
470,sc321,R:HP404,0.0,0.0035599599288217583,0.00026910176046544474,0.43315143956181906,0.33184952132671347,60
471,sc321,R:HP406,0.0,0.0035818717042975937,0.00027254451157898447,4.8885333974328535,0.3321413521245229,60
472,sc321,R:HP408,0.0,0.0035720911505503364,0.0002796181243164567,3.2967460725663607,0.3340702838427205,60
473,sc321,R:HP410,0.0,0.0035095673508891314,0.000279892885369223,1.598816212775784,0.3357311719591298,60
474,sc321,R:HP412,0.0,0.0034943826828269468,0.00028187059718587365,6.007666714877374,0.33070906366305913,60
475,sc321,R:HP414,0.0,0.00355395775392762,0.0002872309595529831,4.467975980895089,0.32821607138628245,60
476,sc321,R:HP416,0.0,0.00359321734887425,0.00029375150955617685,2.5366659177224062,0.3346078734829379,60
477,sc321,R:HP418,0.0,0.003566979728402927,0.00029833976910094976,1.0032205447703626,0.3371096195506671,60
478,sc321,R:HP420,0.0,0.0035367549977152347,0.00030086623836038433,5.349893525470926,0.3342886984119048,60
479,sc321,R:HP422,0.0,0.003477580371989787,0.00029445435150581023,3.805208929858207,0.3289824693471443,60
480,sc321,R:HP424,0.0,0.0035010868507254506,0.00029261861077422576,1.921591105691244,0.33606134235597823,60
481,sc321,R:HP426,0.0,0.0035228549145992685,0.0002969164706496147,0.30915212864047886,0.3353570977726955,60
482,sc321,R:HP428,0.0,0.0034515907250248106,0.00030708607913634486,4.718755706933984,0.33810920190676313,60
483,sc321,R:HP430,0.0,0.0034181910710122648,0.00030716818054556577,3.1019080976299724,0.3318535567468267,60
484,sc321,R:HP502,0.0,0.00344690156558627,0.0003031914027521816,1.3881673292999572,0.33595583766055925,60
485,sc321,R:HP504,0.0,0.0034778952549562297,0.00030398978313217576,5.674998660977895,0.3309782738277113,60
486,sc321,R:HP506,0.0,0.0034142407998838937,0.0003168068168754108,4.148815534355682,0.3348470834179112,60
487,sc321,R:HP508,0.0,0.0033705669092224735,0.0003194415676276479,2.1670718668383606,0.3271619222354593,60
488,sc321,R:HP510,0.0,0.0033974452767236304,0.0003188607409528757,0.7108238408585348,0.3309753323412279,60
489,sc321,R:HP512,0.0,0.00344068896462313,0.000314340471810056,5.054929986902878,0.3331929721407516,60
490,sc321,R:HP514,0.0,0.0033929815993850973,0.0003270175359957171,3.533120249018068,0.3394677498854685,60
491,sc321,R:HP516,0.0,0.003340328331142689,0.0003298392877968465,1.6848058919569349,0.3293054676407111,60
492,sc321,R:HP518,0.0,0.0033168276303105317,0.00032852559411811785,0.06199323443431087,0.3322956194511188,60
493,sc321,R:HP520,0.0,0.0033614381806119633,0.0003188577280636556,4.740624691383612,0.32832608769511784,60
494,sc321,R:HP522,0.0,0.003358266136758929,0.0003203028727270315,3.237006668733201,0.33520710488453725,60
495,sc321,R:HP524,0.0,0.0033590458067639154,0.0003205355246849814,0.7184970451059828,0.32802242955804894,60
496,sc321,R:HP526,0.0,0.0033332427382753095,0.00032197946343778014,0.14627448667996154,0.33320895600927125,60
497,sc321,R:HP528,0.0,0.003386465854026881,0.00031378177185325726,4.108179134212898,0.3315557612610634,60
498,sc321,R:HP530,0.0,0.0034085830911532904,0.0003244168113247614,2.1679410945440973,0.34075316193619354,60
499,sc321,R:HP532,0.0,0.003382479087919007,0.0003258222256431064,1.2322742547877317,0.33168970221462785,60
500,sc321,R:HP602,0.0,0.0030810108419507837,0.00023522350402653807,5.183363669299309,0.33915462196307816,60
501,sc321,R:HP604,0.0,0.003082058914200732,0.00023530099068128934,3.571160507031874,0.3395190591157592,60
502,sc321,R:HP606,0.0,0.0030810768466370693,0.00023522949918308,2.2970294977261783,0.3392831811165881,60
503,sc321,R:HP608,0.0,0.0030819404792063578,0.0002352783509635919,1.0613214210600201,0.3389295206453679,60
504,sc321,R:HP610,0.0,0.0030852785255074235,0.0002350288559568676,5.503267300271114,0.3392063515575518,60
505,sc321,R:HP612,0.0,0.003126061712920126,0.0002334770950494721,4.4351493383739875,0.3405390256619587,60
506,sc321,R:HP614,0.0,0.0031087165385326326,0.0002332717904813288,3.1550967781982635,0.34139234938031887,60
507,sc321,R:HP616,0.0,0.003063598383975301,0.00023842358945448834,0.2795166740286063,0.34067354338704076,60
508,sc321,R:HP618,0.0,0.003043347105739852,0.00024073654231987287,6.183430792471046,0.34154592289401353,60
509,sc321,R:HP620,0.0,0.0030829746508693424,0.0002351477916354193,3.8624159656318464,0.33922598642312624,60
510,sc321,R:HP622,0.0,0.0030819803485855834,0.00023508921239351685,2.2036634047374686,0.3392416829087615,60
511,sc321,R:HP624,0.0,0.003018566310679156,0.00023479224272883556,0.16132291166990886,0.3394286439893504,60
512,sc321,R:HP626,0.0,0.0030306762516879382,0.00024107145066189128,4.991211093208057,0.34619646391538705,60
513,sc321,R:HP628,0.0,0.003078232832167677,0.00023911575135188496,3.102245400666579,0.34610442199512986,60
514,sc321,R:HP630,0.0,0.003122606730217999,0.00023055739551321427,1.392636807106327,0.3472863652983138,60
515,sc321,R:HP632,0.0,0.0030472723017083694,0.0002329326371026595,6.046844192089325,0.3512389201472618,60
516,sc321,R:HP634,0.0,0.0029918573210021815,0.00023912215716845458,4.165013225530007,0.3542743717634655,60
517,sc321,R:HP636,0.0,0.0030747231154588167,0.0002404340035932367,2.710825164543905,0.3517551534297558,60
518,sc321,R:HP638,0.0,0.003120375767688635,0.00023848740700262486,0.72444458019518,0.347762899540926,60
519,sc321,R:HP640,0.0,0.0031445467478285758,0.00024267959278621544,5.5014313933518535,0.35511804571934114,60
520,ss223,R:HP100,0.0,0.0031596443104504814,0.0002444997498434026,3.7858219730721903,0.3545735449749506,60
521,ss223,R:HP102,0.0,0.003165615517958764,0.0002447437995609785,2.6767804270404976,0.35539211157374595,60
522,ss223,R:HP104,0.0,0.003186632434495615,0.0002454704214479331,0.3905592221037004,0.3542692653525764,60
523,ss223,R:HP106,0.0,0.003218739002203178,0.00024763223568692106,4.785864859797049,0.357331558815537,60
524,ss223,R:HP108,0.0,0.003218687429614008,0.0002492981573701116,3.0428546145907642,0.3545542746996725,60
525,ss223,R:HP110,0.0,0.003191352664880155,0.0002443939007291983,1.542205477211147,0.35381344220168853,60
526,ss223,R:HP112,0.0,0.0032224301207336202,0.00024022546773987485,5.83557917248648,0.35040215915934136,60
527,ss223,R:HP114,0.0,0.0032744198084205746,0.00024750344885230156,4.068095639239225,0.35827409216610473,60
528,ss223,R:HP116,0.0,0.0032731761019655003,0.0002543215145310454,2.418958235166605,0.35609426546426765,60
529,ss223,R:HP118,0.0,0.0032364099471686907,0.0002481360937469322,0.6365184902108014,0.35505824075877634,60
530,ss223,R:HP120,0.0,0.003256988092075508,0.00024337279851633303,5.279706183388619,0.3496824026544134,60
531,ss223,R:HP122,0.0,0.003318478157626758,0.000248779280117765,3.5523311822806463,0.3547230717139657,60
532,ss223,R:HP124,0.0,0.0033615142000575624,0.0002542875617201756,1.912507366078681,0.34632584656028526,60
533,ss223,R:HP126,0.0,0.0033361436664985943,0.00025099993687649437,0.10830807880365362,0.3486533260150078,60
534,ss223,R:HP128,0.0,0.003334610426418476,0.00024277800418605946,4.727764448985931,0.3480340197989393,60
535,ss223,R:HP130,0.0,0.003405129308433424,0.00024371665200877428,2.905440858262152,0.34738409670569376,60
536,ss223,R:HP202,0.0,0.0034584298164249128,0.00025455218185820613,1.305002942111455,0.3411845719229297,60
537,ss223,R:HP204,0.0,0.003413099290998328,0.00025481640789128937,5.686737927189042,0.3409562981618284,60
538,ss223,R:HP206,0.0,0.0033921059167664183,0.0002444884311498308,4.085826439193221,0.34470654567164905,60
539,ss223,R:HP208,0.0,0.0034576881185238864,0.00023702458831608748,2.156046887217493,0.3477966810931749,60
540,ss223,R:HP210,0.0,0.0034967032813634255,0.00024433469724095364,0.6677032529124894,0.3395558888801545,60
541,ss223,R:HP212,0.0,0.00342185499378634,0.000251819844694502,5.053976717410733,0.3401511142649302,60
542,ss223,R:HP214,0.0,0.0033717159980202623,0.0002449356599302976,3.522440774560293,0.3522984182450767,60
543,ss223,R:HP216,0.0,0.003454632582429435,0.00023727479515109974,1.5600724929873047,0.35458274486798835,60
544,ss223,R:HP218,0.0,0.00354376484817639,0.0002421557383397331,0.033627611499960006,0.35142006292499983,60
545,ss223,R:HP220,0.0,0.0035310628084444886,0.00025500961163506133,4.524851349647819,0.356696240673172,60
546,ss223,R:HP222,0.0,0.003542885312852835,0.00025646721926435886,3.0579342468782844,0.3553226488909574,60
547,ss223,R:HP224,0.0,0.0035574814368478764,0.00025168886286012023,0.385866444284659,0.3558146635722893,60
548,ss223,R:HP226,0.0,0.0036650429954615932,0.0002525200418313892,0.03250279971037453,0.34818033292535444,60
549,ss223,R:HP228,0.0,0.003577207677801674,0.0002608032433534552,3.7177770808477364,0.3464947203135437,60
550,ss223,R:HP230,0.0,0.003467566789288669,0.0002614900664992963,1.8524525733954424,0.3473673217862428,60
551,ss223,R:HP232,0.0,0.0035028900862053088,0.00025409059821358826,0.9678601777848344,0.3490409192378364,60
552,ss223,R:HP302,0.0,0.0035673895069961337,0.00025137955843705206,5.454763990801954,0.34471742444348713,60
553,ss223,R:HP304,0.0,0.003552591962619008,0.0002509029871139051,4.351397532354117,0.34636612842369885,60
554,ss223,R:HP306,0.0,0.0035704362993069514,0.0002515891470732201,3.1038593861537933,0.34273986053043387,60
555,ss223,R:HP308,0.0,0.003575302289585613,0.0002530151403321715,1.6106411965695213,0.34566461724546743,60
556,ss223,R:HP310,0.0,0.0035752916691002426,0.0002525663613279098,5.7681719954577515,0.3440703628170423,60
557,ss223,R:HP312,0.0,0.003543445267828275,0.0002552688998441305,4.799769342873501,0.351231159880811,60
558,ss223,R:HP314,0.0,0.003490740463837044,0.0002643465907860184,2.78107792762909,0.35277546702314594,60
559,ss223,R:HP316,0.0,0.0035171330457530463,0.00025696700083169033,0.5661170843915732,0.347492657310203,60
560,ss223,R:HP318,0.0,0.003559906917704157,0.0002522820418771311,0.052310602741486995,0.3436799489482439,60
561,ss223,R:HP320,0.0,0.003562484582524427,0.00025099448043626726,4.131116151694441,0.3453838322621104,60
562,ss223,R:HP322,0.0,0.0036146873044554345,0.0002552536506582062,2.3274506046448376,0.33548990548663166,60
563,ss223,R:HP324,0.0,0.003618124865339249,0.0002553411377779008,0.3883626838321694,0.3345031304943153,60
564,ss223,R:HP326,0.0,0.003601445003020198,0.0002754156799670334,5.169534700983849,0.3294016276759999,60
565,ss223,R:HP328,0.0,0.003576421841600929,0.00025599035615936014,3.7944584756327764,0.3326685733714449,60
566,ss223,R:HP330,0.0,0.003580771204533951,0.00026335734704182456,1.6137698173825972,0.3348254905876348,60
567,ss223,R:HP332,0.0,0.0036061814614302867,0.0002688234802496123,0.03289693258993752,0.32918572155922005,60
568,ss223,R:HP334,0.0,0.0035763324034831737,0.00026612196086216985,4.487074111825396,0.32627730995993526,60
569,ss223,R:HP336,0.0,0.0035132870068015883,0.0002681553358625835,2.8001866628067695,0.33113193015239656,60
570,ss223,R:HP338,0.0,0.0035464747958274994,0.0002688276208502144,0.9138147039679908,0.336958586801756,60
571,ss223,R:HP340,0.0,0.0035718726511659647,0.00027929674126317373,5.595920113264848,0.33620390536783923,60
572,ss223,R:HP400,0.0,0.003567656568960229,0.00026801415371330333,4.030414553202391,0.3332924548261678,60
573,ss223,R:HP402,0.0,0.0035621531705902877,0.00026637622433556133,2.4396387152728147,0.3324561766402105,60
574,ss223,R:HP404,0.0,0.0035599599288217583,0.00026910176046544474,0.43315143956181906,0.33184952132671347,60
575,ss223,R:HP406,0.0,0.0035818717042975937,0.00027254451157898447,4.8885333974328535,0.3321413521245229,60
576,ss223,R:HP408,0.0,0.0035720911505503364,0.0002796181243164567,3.2967460725663607,0.3340702838427205,60
577,ss223,R:HP410,0.0,0.0035095673508891314,0.000279892885369223,1.598816212775784,0.3357311719591298,60
578,ss223,R:HP412,0.0,0.0034943826828269468,0.00028187059718587365,6.007666714877374,0.33070906366305913,60
579,ss223,R:HP414,0.0,0.00355395775392762,0.0002872309595529831,4.467975980895089,0.32821607138628245,60
580,ss223,R:HP416,0.0,0.00359321734887425,0.00029375150955617685,2.5366659177224062,0.3346078734829379,60
581,ss223,R:HP418,0.0,0.003566979728402927,0.00029833976910094976,1.0032205447703626,0.3371096195506671,60
582,ss223,R:HP420,0.0,0.0035367549977152347,0.00030086623836038433,5.349893525470926,0.3342886984119048,60
583,ss223,R:HP422,0.0,0.003477580371989787,0.00029445435150581023,3.805208929858207,0.3289824693471443,60
584,ss223,R:HP424,0.0,0.0035010868507254506,0.00029261861077422576,1.921591105691244,0.33606134235597823,60
585,ss223,R:HP426,0.0,0.0035228549145992685,0.0002969164706496147,0.30915212864047886,0.3353570977726955,60
586,ss223,R:HP428,0.0,0.0034515907250248106,0.00030708607913634486,4.718755706933984,0.33810920190676313,60
587,ss223,R:HP430,0.0,0.0034181910710122648,0.00030716818054556577,3.1019080976299724,0.3318535567468267,60
588,ss223,R:HP502,0.0,0.00344690156558627,0.0003031914027521816,1.3881673292999572,0.33595583766055925,60
589,ss223,R:HP504,0.0,0.0034778952549562297,0.00030398978313217576,5.674998660977895,0.3309782738277113,60
590,ss223,R:HP506,0.0,0.0034142407998838937,0.0003168068168754108,4.148815534355682,0.3348470834179112,60
591,ss223,R:HP508,0.0,0.0033705669092224735,0.0003194415676276479,2.1670718668383606,0.3271619222354593,60
592,ss223,R:HP510,0.0,0.0033974452767236304,0.0003188607409528757,0.7108238408585348,0.3309753323412279,60
593,ss223,R:HP512,0.0,0.00344068896462313,0.000314340471810056,5.054929986902878,0.3331929721407516,60
594,ss223,R:HP514,0.0,0.0033929815993850973,0.0003270175359957171,3.533120249018068,0.3394677498854685,60
595,ss223,R:HP516,0.0,0.003340328331142689,0.0003298392877968465,1.6848058919569349,0.3293054676407111,60
596,ss223,R:HP518,0.0,0.0033168276303105317,0.00032852559411811785,0.06199323443431087,0.3322956194511188,60
597,ss223,R:HP520,0.0,0.0033614381806119633,0.0003188577280636556,4.740624691383612,0.32832608769511784,60
598,ss223,R:HP522,0.0,0.003358266136758929,0.0003203028727270315,3.237006668733201,0.33520710488453725,60
599,ss223,R:HP524,0.0,0.0033590458067639154,0.0003205355246849814,0.7184970451059828,0.32802242955804894,60
600,ss223,R:HP526,0.0,0.0033332427382753095,0.00032197946343778014,0.14627448667996154,0.33320895600927125,60
601,ss223,R:HP528,0.0,0.003386465854026881,0.00031378177185325726,4.108179134212898,0.3315557612610634,60
602,ss223,R:HP530,0.0,0.0034085830911532904,0.0003244168113247614,2.1679410945440973,0.34075316193619354,60
603,ss223,R:HP532,0.0,0.003382479087919007,0.0003258222256431064,1.2322742547877317,0.33168970221462785,60
604,ss223,R:HP602,0.0,0.0030810108419507837,0.00023522350402653807,5.183363669299309,0.33915462196307816,60
605,ss223,R:HP604,0.0,0.003082058914200732,0.00023530099068128934,3.571160507031874,0.3395190591157592,60
606,ss223,R:HP606,0.0,0.0030810768466370693,0.00023522949918308,2.2970294977261783,0.3392831811165881,60
607,ss223,R:HP608,0.0,0.0030819404792063578,0.0002352783509635919,1.0613214210600201,0.3389295206453679,60
608,ss223,R:HP610,0.0,0.0030852785255074235,0.0002350288559568676,5.503267300271114,0.3392063515575518,60
609,ss223,R:HP612,0.0,0.003126061712920126,0.0002334770950494721,4.4351493383739875,0.3405390256619587,60
610,ss223,R:HP614,0.0,0.0031087165385326326,0.0002332717904813288,3.1550967781982635,0.34139234938031887,60
611,ss223,R:HP616,0.0,0.003063598383975301,0.00023842358945448834,0.2795166740286063,0.34067354338704076,60
612,ss223,R:HP618,0.0,0.003043347105739852,0.00024073654231987287,6.183430792471046,0.34154592289401353,60
613,ss223,R:HP620,0.0,0.0030829746508693424,0.0002351477916354193,3.8624159656318464,0.33922598642312624,60
614,ss223,R:HP622,0.0,0.0030819803485855834,0.00023508921239351685,2.2036634047374686,0.3392416829087615,60
615,ss223,R:HP624,0.0,0.003018566310679156,0.00023479224272883556,0.16132291166990886,0.3394286439893504,60
616,ss223,R:HP626,0.0,0.0030306762516879382,0.00024107145066189128,4.991211093208057,0.34619646391538705,60
617,ss223,R:HP628,0.0,0.003078232832167677,0.00023911575135188496,3.102245400666579,0.34610442199512986,60
618,ss223,R:HP630,0.0,0.003122606730217999,0.00023055739551321427,1.392636807106327,0.3472863652983138,60
619,ss223,R:HP632,0.0,0.0030472723017083694,0.0002329326371026595,6.046844192089325,0.3512389201472618,60
620,ss223,R:HP634,0.0,0.0029918573210021815,0.00023912215716845458,4.165013225530007,0.3542743717634655,60
621,ss223,R:HP636,0.0,0.0030747231154588167,0.0002404340035932367,2.710825164543905,0.3517551534297558,60
622,ss223,R:HP638,0.0,0.003120375767688635,0.00023848740700262486,0.72444458019518,0.347762899540926,60
623,ss223,R:HP640,0.0,0.0031445467478285758,0.00024267959278621544,5.5014313933518535,0.35511804571934114,60
624,ss319,R:HP100,0.0,0.0031596443104504814,0.0002444997498434026,3.7858219730721903,0.3545735449749506,60
625,ss319,R:HP102,0.0,0.003165615517958764,0.0002447437995609785,2.6767804270404976,0.35539211157374595,60
626,ss319,R:HP104,0.0,0.003186632434495615,0.0002454704214479331,0.3905592221037004,0.3542692653525764,60
627,ss319,R:HP106,0.0,0.003218739002203178,0.00024763223568692106,4.785864859797049,0.357331558815537,60
628,ss319,R:HP108,0.0,0.003218687429614008,0.0002492981573701116,3.0428546145907642,0.3545542746996725,60
629,ss319,R:HP110,0.0,0.003191352664880155,0.0002443939007291983,1.542205477211147,0.35381344220168853,60
630,ss319,R:HP112,0.0,0.0032224301207336202,0.00024022546773987485,5.83557917248648,0.35040215915934136,60
631,ss319,R:HP114,0.0,0.0032744198084205746,0.00024750344885230156,4.068095639239225,0.35827409216610473,60
632,ss319,R:HP116,0.0,0.0032731761019655003,0.0002543215145310454,2.418958235166605,0.35609426546426765,60
633,ss319,R:HP118,0.0,0.0032364099471686907,0.0002481360937469322,0.6365184902108014,0.35505824075877634,60
634,ss319,R:HP120,0.0,0.003256988092075508,0.00024337279851633303,5.279706183388619,0.3496824026544134,60
635,ss319,R:HP122,0.0,0.003318478157626758,0.000248779280117765,3.5523311822806463,0.3547230717139657,60
636,ss319,R:HP124,0.0,0.0033615142000575624,0.0002542875617201756,1.912507366078681,0.34632584656028526,60
637,ss319,R:HP126,0.0,0.0033361436664985943,0.00025099993687649437,0.10830807880365362,0.3486533260150078,60
638,ss319,R:HP128,0.0,0.003334610426418476,0.00024277800418605946,4.727764448985931,0.3480340197989393,60
639,ss319,R:HP130,0.0,0.003405129308433424,0.00024371665200877428,2.905440858262152,0.34738409670569376,60
640,ss319,R:HP202,0.0,0.0034584298164249128,0.00025455218185820613,1.305002942111455,0.3411845719229297,60
641,ss319,R:HP204,0.0,0.003413099290998328,0.00025481640789128937,5.686737927189042,0.3409562981618284,60
642,ss319,R:HP206,0.0,0.0033921059167664183,0.0002444884311498308,4.085826439193221,0.34470654567164905,60
643,ss319,R:HP208,0.0,0.0034576881185238864,0.00023702458831608748,2.156046887217493,0.3477966810931749,60
644,ss319,R:HP210,0.0,0.0034967032813634255,0.00024433469724095364,0.6677032529124894,0.3395558888801545,60
645,ss319,R:HP212,0.0,0.00342185499378634,0.000251819844694502,5.053976717410733,0.3401511142649302,60
646,ss319,R:HP214,0.0,0.0033717159980202623,0.0002449356599302976,3.522440774560293,0.3522984182450767,60
647,ss319,R:HP216,0.0,0.003454632582429435,0.00023727479515109974,1.5600724929873047,0.35458274486798835,60
648,ss319,R:HP218,0.0,0.00354376484817639,0.0002421557383397331,0.033627611499960006,0.35142006292499983,60
649,ss319,R:HP220,0.0,0.0035310628084444886,0.00025500961163506133,4.524851349647819,0.356696240673172,60
650,ss319,R:HP222,0.0,0.003542885312852835,0.00025646721926435886,3.0579342468782844,0.3553226488909574,60
651,ss319,R:HP224,0.0,0.0035574814368478764,0.00025168886286012023,0.385866444284659,0.3558146635722893,60
652,ss319,R:HP226,0.0,0.0036650429954615932,0.0002525200418313892,0.03250279971037453,0.34818033292535444,60
653,ss319,R:HP228,0.0,0.003577207677801674,0.0002608032433534552,3.7177770808477364,0.3464947203135437,60
654,ss319,R:HP230,0.0,0.003467566789288669,0.0002614900664992963,1.8524525733954424,0.3473673217862428,60
655,ss319,R:HP232,0.0,0.0035028900862053088,0.00025409059821358826,0.9678601777848344,0.3490409192378364,60
656,ss319,R:HP302,0.0,0.0035673895069961337,0.00025137955843705206,5.454763990801954,0.34471742444348713,60
657,ss319,R:HP304,0.0,0.003552591962619008,0.0002509029871139051,4.351397532354117,0.34636612842369885,60
658,ss319,R:HP306,0.0,0.0035704362993069514,0.0002515891470732201,3.1038593861537933,0.34273986053043387,60
659,ss319,R:HP308,0.0,0.003575302289585613,0.0002530151403321715,1.6106411965695213,0.34566461724546743,60
660,ss319,R:HP310,0.0,0.0035752916691002426,0.0002525663613279098,5.7681719954577515,0.3440703628170423,60
661,ss319,R:HP312,0.0,0.003543445267828275,0.0002552688998441305,4.799769342873501,0.351231159880811,60
662,ss319,R:HP314,0.0,0.003490740463837044,0.0002643465907860184,2.78107792762909,0.35277546702314594,60
663,ss319,R:HP316,0.0,0.0035171330457530463,0.00025696700083169033,0.5661170843915732,0.347492657310203,60
664,ss319,R:HP318,0.0,0.003559906917704157,0.0002522820418771311,0.052310602741486995,0.3436799489482439,60
665,ss319,R:HP320,0.0,0.003562484582524427,0.00025099448043626726,4.131116151694441,0.3453838322621104,60
666,ss319,R:HP322,0.0,0.0036146873044554345,0.0002552536506582062,2.3274506046448376,0.33548990548663166,60
667,ss319,R:HP324,0.0,0.003618124865339249,0.0002553411377779008,0.3883626838321694,0.3345031304943153,60
668,ss319,R:HP326,0.0,0.003601445003020198,0.0002754156799670334,5.169534700983849,0.3294016276759999,60
669,ss319,R:HP328,0.0,0.003576421841600929,0.00025599035615936014,3.7944584756327764,0.3326685733714449,60
670,ss319,R:HP330,0.0,0.003580771204533951,0.00026335734704182456,1.6137698173825972,0.3348254905876348,60
671,ss319,R:HP332,0.0,0.0036061814614302867,0.0002688234802496123,0.03289693258993752,0.32918572155922005,60
672,ss319,R:HP334,0.0,0.0035763324034831737,0.00026612196086216985,4.487074111825396,0.32627730995993526,60
673,ss319,R:HP336,0.0,0.0035132870068015883,0.0002681553358625835,2.8001866628067695,0.33113193015239656,60
674,ss319,R:HP338,0.0,0.0035464747958274994,0.0002688276208502144,0.9138147039679908,0.336958586801756,60
675,ss319,R:HP340,0.0,0.0035718726511659647,0.00027929674126317373,5.595920113264848,0.33620390536783923,60
676,ss319,R:HP400,0.0,0.003567656568960229,0.00026801415371330333,4.030414553202391,0.3332924548261678,60
677,ss319,R:HP402,0.0,0.0035621531705902877,0.00026637622433556133,2.4396387152728147,0.3324561766402105,60
678,ss319,R:HP404,0.0,0.0035599599288217583,0.00026910176046544474,0.43315143956181906,0.33184952132671347,60
679,ss319,R:HP406,0.0,0.0035818717042975937,0.00027254451157898447,4.8885333974328535,0.3321413521245229,60
680,ss319,R:HP408,0.0,0.0035720911505503364,0.0002796181243164567,3.2967460725663607,0.3340702838427205,60
681,ss319,R:HP410,0.0,0.0035095673508891314,0.000279892885369223,1.598816212775784,0.3357311719591298,60
682,ss319,R:HP412,0.0,0.0034943826828269468,0.00028187059718587365,6.007666714877374,0.33070906366305913,60
683,ss319,R:HP414,0.0,0.00355395775392762,0.0002872309595529831,4.467975980895089,0.32821607138628245,60
684,ss319,R:HP416,0.0,0.00359321734887425,0.00029375150955617685,2.5366659177224062,0.3346078734829379,60
685,ss319,R:HP418,0.0,0.003566979728402927,0.00029833976910094976,1.0032205447703626,0.3371096195506671,60
686,ss319,R:HP420,0.0,0.0035367549977152347,0.00030086623836038433,5.349893525470926,0.3342886984119048,60
687,ss319,R:HP422,0.0,0.003477580371989787,0.00029445435150581023,3.805208929858207,0.3289824693471443,60
688,ss319,R:HP424,0.0,0.0035010868507254506,0.00029261861077422576,1.921591105691244,0.33606134235597823,60
689,ss319,R:HP426,0.0,0.0035228549145992685,0.0002969164706496147,0.30915212864047886,0.3353570977726955,60
690,ss319,R:HP428,0.0,0.0034515907250248106,0.00030708607913634486,4.718755706933984,0.33810920190676313,60
691,ss319,R:HP430,0.0,0.0034181910710122648,0.00030716818054556577,3.1019080976299724,0.3318535567468267,60
692,ss319,R:HP502,0.0,0.00344690156558627,0.0003031914027521816,1.3881673292999572,0.33595583766055925,60
693,ss319,R:HP504,0.0,0.0034778952549562297,0.00030398978313217576,5.674998660977895,0.3309782738277113,60
694,ss319,R:HP506,0.0,0.0034142407998838937,0.0003168068168754108,4.148815534355682,0.3348470834179112,60
695,ss319,R:HP508,0.0,0.0033705669092224735,0.0003194415676276479,2.1670718668383606,0.3271619222354593,60
696,ss319,R:HP510,0.0,0.0033974452767236304,0.0003188607409528757,0.7108238408585348,0.3309753323412279,60
697,ss319,R:HP512,0.0,0.00344068896462313,0.000314340471810056,5.054929986902878,0.3331929721407516,60
698,ss319,R:HP514,0.0,0.0033929815993850973,0.0003270175359957171,3.533120249018068,0.3394677498854685,60
699,ss319,R:HP516,0.0,0.003340328331142689,0.0003298392877968465,1.6848058919569349,0.3293054676407111,60
700,ss319,R:HP518,0.0,0.0033168276303105317,0.00032852559411811785,0.06199323443431087,0.3322956194511188,60
701,ss319,R:HP520,0.0,0.0033614381806119633,0.0003188577280636556,4.740624691383612,0.32832608769511784,60
702,ss319,R:HP522,0.0,0.003358266136758929,0.0003203028727270315,3.237006668733201,0.33520710488453725,60
703,ss319,R:HP524,0.0,0.0033590458067639154,0.0003205355246849814,0.7184970451059828,0.32802242955804894,60
704,ss319,R:HP526,0.0,0.0033332427382753095,0.00032197946343778014,0.14627448667996154,0.33320895600927125,60
705,ss319,R:HP528,0.0,0.003386465854026881,0.00031378177185325726,4.108179134212898,0.3315557612610634,60
706,ss319,R:HP530,0.0,0.0034085830911532904,0.0003244168113247614,2.1679410945440973,0.34075316193619354,60
707,ss319,R:HP532,0.0,0.003382479087919007,0.0003258222256431064,1.2322742547877317,0.33168970221462785,60
708,ss319,R:HP602,0.0,0.0030810108419507837,0.00023522350402653807,5.183363669299309,0.33915462196307816,60
709,ss319,R:HP604,0.0,0.003082058914200732,0.00023530099068128934,3.571160507031874,0.3395190591157592,60
710,ss319,R:HP606,0.0,0.0030810768466370693,0.00023522949918308,2.2970294977261783,0.3392831811165881,60
711,ss319,R:HP608,0.0,0.0030819404792063578,0.0002352783509635919,1.0613214210600201,0.3389295206453679,60
712,ss319,R:HP610,0.0,0.0030852785255074235,0.0002350288559568676,5.503267300271114,0.3392063515575518,60
713,ss319,R:HP612,0.0,0.003126061712920126,0.0002334770950494721,4.4351493383739875,0.3405390256619587,60
714,ss319,R:HP614,0.0,0.0031087165385326326,0.0002332717904813288,3.1550967781982635,0.34139234938031887,60
715,ss319,R:HP616,0.0,0.003063598383975301,0.00023842358945448834,0.2795166740286063,0.34067354338704076,60
716,ss319,R:HP618,0.0,0.003043347105739852,0.00024073654231987287,6.183430792471046,0.34154592289401353,60
717,ss319,R:HP620,0.0,0.0030829746508693424,0.0002351477916354193,3.8624159656318464,0.33922598642312624,60
718,ss319,R:HP622,0.0,0.0030819803485855834,0.00023508921239351685,2.2036634047374686,0.3392416829087615,60
719,ss319,R:HP624,0.0,0.003018566310679156,0.00023479224272883556,0.16132291166990886,0.3394286439893504,60
720,ss319,R:HP626,0.0,0.0030306762516879382,0.00024107145066189128,4.991211093208057,0.34619646391538705,60
721,ss319,R:HP628,0.0,0.003078232832167677,0.00023911575135188496,3.102245400666579,0.34610442199512986,60
722,ss319,R:HP630,0.0,0.003122606730217999,0.00023055739551321427,1.392636807106327,0.3472863652983138,60
723,ss319,R:HP632,0.0,0.0030472723017083694,0.0002329326371026595,6.046844192089325,0.3512389201472618,60
724,ss319,R:HP634,0.0,0.0029918573210021815,0.00023912215716845458,4.165013225530007,0.3542743717634655,60
725,ss319,R:HP636,0.0,0.0030747231154588167,0.0002404340035932367,2.710825164543905,0.3517551534297558,60
726,ss319,R:HP638,0.0,0.003120375767688635,0.00023848740700262486,0.72444458019518,0.347762899540926,60
727,ss319,R:HP640,0.0,0.0031445467478285758,0.00024267959278621544,5.5014313933518535,0.35511804571934114,60
728,ss321,R:HP100,0.0,0.0031596443104504814,0.0002444997498434026,3.7858219730721903,0.3545735449749506,60
729,ss321,R:HP102,0.0,0.003165615517958764,0.0002447437995609785,2.6767804270404976,0.35539211157374595,60
730,ss321,R:HP104,0.0,0.003186632434495615,0.0002454704214479331,0.3905592221037004,0.3542692653525764,60
731,ss321,R:HP106,0.0,0.003218739002203178,0.00024763223568692106,4.785864859797049,0.357331558815537,60
732,ss321,R:HP108,0.0,0.003218687429614008,0.0002492981573701116,3.0428546145907642,0.3545542746996725,60
733,ss321,R:HP110,0.0,0.003191352664880155,0.0002443939007291983,1.542205477211147,0.35381344220168853,60
734,ss321,R:HP112,0.0,0.0032224301207336202,0.00024022546773987485,5.83557917248648,0.35040215915934136,60
735,ss321,R:HP114,0.0,0.0032744198084205746,0.00024750344885230156,4.068095639239225,0.35827409216610473,60
736,ss321,R:HP116,0.0,0.0032731761019655003,0.0002543215145310454,2.418958235166605,0.35609426546426765,60
737,ss321,R:HP118,0.0,0.0032364099471686907,0.0002481360937469322,0.6365184902108014,0.35505824075877634,60
738,ss321,R:HP120,0.0,0.003256988092075508,0.00024337279851633303,5.279706183388619,0.3496824026544134,60
739,ss321,R:HP122,0.0,0.003318478157626758,0.000248779280117765,3.5523311822806463,0.3547230717139657,60
740,ss321,R:HP124,0.0,0.0033615142000575624,0.0002542875617201756,1.912507366078681,0.34632584656028526,60
741,ss321,R:HP126,0.0,0.0033361436664985943,0.00025099993687649437,0.10830807880365362,0.3486533260150078,60
742,ss321,R:HP128,0.0,0.003334610426418476,0.00024277800418605946,4.727764448985931,0.3480340197989393,60
743,ss321,R:HP130,0.0,0.003405129308433424,0.00024371665200877428,2.905440858262152,0.34738409670569376,60
744,ss321,R:HP202,0.0,0.0034584298164249128,0.00025455218185820613,1.305002942111455,0.3411845719229297,60
745,ss321,R:HP204,0.0,0.003413099290998328,0.00025481640789128937,5.686737927189042,0.3409562981618284,60
746,ss321,R:HP206,0.0,0.0033921059167664183,0.0002444884311498308,4.085826439193221,0.34470654567164905,60
747,ss321,R:HP208,0.0,0.0034576881185238864,0.00023702458831608748,2.156046887217493,0.3477966810931749,60
748,ss321,R:HP210,0.0,0.0034967032813634255,0.00024433469724095364,0.6677032529124894,0.3395558888801545,60
749,ss321,R:HP212,0.0,0.00342185499378634,0.000251819844694502,5.053976717410733,0.3401511142649302,60
750,ss321,R:HP214,0.0,0.0033717159980202623,0.0002449356599302976,3.522440774560293,0.3522984182450767,60
751,ss321,R:HP216,0.0,0.003454632582429435,0.00023727479515109974,1.5600724929873047,0.35458274486798835,60
752,ss321,R:HP218,0.0,0.00354376484817639,0.0002421557383397331,0.033627611499960006,0.35142006292499983,60
753,ss321,R:HP220,0.0,0.0035310628084444886,0.00025500961163506133,4.524851349647819,0.356696240673172,60
754,ss321,R:HP222,0.0,0.003542885312852835,0.00025646721926435886,3.0579342468782844,0.3553226488909574,60
755,ss321,R:HP224,0.0,0.0035574814368478764,0.00025168886286012023,0.385866444284659,0.3558146635722893,60
756,ss321,R:HP226,0.0,0.0036650429954615932,0.0002525200418313892,0.03250279971037453,0.34818033292535444,60
757,ss321,R:HP228,0.0,0.003577207677801674,0.0002608032433534552,3.7177770808477364,0.3464947203135437,60
758,ss321,R:HP230,0.0,0.003467566789288669,0.0002614900664992963,1.8524525733954424,0.3473673217862428,60
759,ss321,R:HP232,0.0,0.0035028900862053088,0.00025409059821358826,0.9678601777848344,0.3490409192378364,60
760,ss321,R:HP302,0.0,0.0035673895069961337,0.00025137955843705206,5.454763990801954,0.34471742444348713,60
761,ss321,R:HP304,0.0,0.003552591962619008,0.0002509029871139051,4.351397532354117,0.34636612842369885,60
762,ss321,R:HP306,0.0,0.0035704362993069514,0.0002515891470732201,3.1038593861537933,0.34273986053043387,60
763,ss321,R:HP308,0.0,0.003575302289585613,0.0002530151403321715,1.6106411965695213,0.34566461724546743,60
764,ss321,R:HP310,0.0,0.0035752916691002426,0.0002525663613279098,5.7681719954577515,0.3440703628170423,60
765,ss321,R:HP312,0.0,0.003543445267828275,0.0002552688998441305,4.799769342873501,0.351231159880811,60
766,ss321,R:HP314,0.0,0.003490740463837044,0.0002643465907860184,2.78107792762909,0.35277546702314594,60
767,ss321,R:HP316,0.0,0.0035171330457530463,0.00025696700083169033,0.5661170843915732,0.347492657310203,60
768,ss321,R:HP318,0.0,0.003559906917704157,0.0002522820418771311,0.052310602741486995,0.3436799489482439,60
769,ss321,R:HP320,0.0,0.003562484582524427,0.00025099448043626726,4.131116151694441,0.3453838322621104,60
770,ss321,R:HP322,0.0,0.0036146873044554345,0.0002552536506582062,2.3274506046448376,0.33548990548663166,60
771,ss321,R:HP324,0.0,0.003618124865339249,0.0002553411377779008,0.3883626838321694,0.3345031304943153,60
772,ss321,R:HP326,0.0,0.003601445003020198,0.0002754156799670334,5.169534700983849,0.3294016276759999,60
773,ss321,R:HP328,0.0,0.003576421841600929,0.00025599035615936014,3.7944584756327764,0.3326685733714449,60
774,ss321,R:HP330,0.0,0.003580771204533951,0.00026335734704182456,1.6137698173825972,0.3348254905876348,60
775,ss321,R:HP332,0.0,0.0036061814614302867,0.0002688234802496123,0.03289693258993752,0.32918572155922005,60
776,ss321,R:HP334,0.0,0.0035763324034831737,0.00026612196086216985,4.487074111825396,0.32627730995993526,60
777,ss321,R:HP336,0.0,0.0035132870068015883,0.0002681553358625835,2.8001866628067695,0.33113193015239656,60
778,ss321,R:HP338,0.0,0.0035464747958274994,0.0002688276208502144,0.9138147039679908,0.336958586801756,60
779,ss321,R:HP340,0.0,0.0035718726511659647,0.00027929674126317373,5.595920113264848,0.33620390536783923,60
780,ss321,R:HP400,0.0,0.003567656568960229,0.00026801415371330333,4.030414553202391,0.3332924548261678,60
781,ss321,R:HP402,0.0,0.0035621531705902877,0.00026637622433556133,2.4396387152728147,0.3324561766402105,60
782,ss321,R:HP404,0.0,0.0035599599288217583,0.00026910176046544474,0.43315143956181906,0.33184952132671347,60
783,ss321,R:HP406,0.0,0.0035818717042975937,0.00027254451157898447,4.8885333974328535,0.3321413521245229,60
784,ss321,R:HP408,0.0,0.0035720911505503364,0.0002796181243164567,3.2967460725663607,0.3340702838427205,60
785,ss321,R:HP410,0.0,0.0035095673508891314,0.000279892885369223,1.598816212775784,0.3357311719591298,60
786,ss321,R:HP412,0.0,0.0034943826828269468,0.00028187059718587365,6.007666714877374,0.33070906366305913,60
787,ss321,R:HP414,0.0,0.00355395775392762,0.0002872309595529831,4.467975980895089,0.32821607138628245,60
788,ss321,R:HP416,0.0,0.00359321734887425,0.00029375150955617685,2.5366659177224062,0.3346078734829379,60
789,ss321,R:HP418,0.0,0.003566979728402927,0.00029833976910094976,1.0032205447703626,0.3371096195506671,60
790,ss321,R:HP420,0.0,0.0035367549977152347,0.00030086623836038433,5.349893525470926,0.3342886984119048,60
791,ss321,R:HP422,0.0,0.003477580371989787,0.00029445435150581023,3.805208929858207,0.3289824693471443,60
792,ss321,R:HP424,0.0,0.0035010868507254506,0.00029261861077422576,1.921591105691244,0.33606134235597823,60
793,ss321,R:HP426,0.0,0.0035228549145992685,0.0002969164706496147,0.30915212864047886,0.3353570977726955,60
794,ss321,R:HP428,0.0,0.0034515907250248106,0.00030708607913634486,4.718755706933984,0.33810920190676313,60
795,ss321,R:HP430,0.0,0.0034181910710122648,0.00030716818054556577,3.1019080976299724,0.3318535567468267,60
796,ss321,R:HP502,0.0,0.00344690156558627,0.0003031914027521816,1.3881673292999572,0.33595583766055925,60
797,ss321,R:HP504,0.0,0.0034778952549562297,0.00030398978313217576,5.674998660977895,0.3309782738277113,60
798,ss321,R:HP506,0.0,0.0034142407998838937,0.0003168068168754108,4.148815534355682,0.3348470834179112,60
799,ss321,R:HP508,0.0,0.0033705669092224735,0.0003194415676276479,2.1670718668383606,0.3271619222354593,60
800,ss321,R:HP510,0.0,0.0033974452767236304,0.0003188607409528757,0.7108238408585348,0.3309753323412279,60
801,ss321,R:HP512,0.0,0.00344068896462313,0.000314340471810056,5.054929986902878,0.3331929721407516,60
802,ss321,R:HP514,0.0,0.0033929815993850973,0.0003270175359957171,3.533120249018068,0.3394677498854685,60
803,ss321,R:HP516,0.0,0.003340328331142689,0.0003298392877968465,1.6848058919569349,0.3293054676407111,60
804,ss321,R:HP518,0.0,0.0033168276303105317,0.00032852559411811785,0.06199323443431087,0.3322956194511188,60
805,ss321,R:HP520,0.0,0.0033614381806119633,0.0003188577280636556,4.740624691383612,0.32832608769511784,60
806,ss321,R:HP522,0.0,0.003358266136758929,0.0003203028727270315,3.237006668733201,0.33520710488453725,60
807,ss321,R:HP524,0.0,0.0033590458067639154,0.0003205355246849814,0.7184970451059828,0.32802242955804894,60
808,ss321,R:HP526,0.0,0.0033332427382753095,0.00032197946343778014,0.14627448667996154,0.33320895600927125,60
809,ss321,R:HP528,0.0,0.003386465854026881,0.00031378177185325726,4.108179134212898,0.3315557612610634,60
810,ss321,R:HP530,0.0,0.0034085830911532904,0.0003244168113247614,2.1679410945440973,0.34075316193619354,60
811,ss321,R:HP532,0.0,0.003382479087919007,0.0003258222256431064,1.2322742547877317,0.33168970221462785,60
812,ss321,R:HP602,0.0,0.0030810108419507837,0.00023522350402653807,5.183363669299309,0.33915462196307816,60
813,ss321,R:HP604,0.0,0.003082058914200732,0.00023530099068128934,3.571160507031874,0.3395190591157592,60
814,ss321,R:HP606,0.0,0.0030810768466370693,0.00023522949918308,2.2970294977261783,0.3392831811165881,60
815,ss321,R:HP608,0.0,0.0030819404792063578,0.0002352783509635919,1.0613214210600201,0.3389295206453679,60
816,ss321,R:HP610,0.0,0.0030852785255074235,0.0002350288559568676,5.503267300271114,0.3392063515575518,60
817,ss321,R:HP612,0.0,0.003126061712920126,0.0002334770950494721,4.4351493383739875,0.3405390256619587,60
818,ss321,R:HP614,0.0,0.0031087165385326326,0.0002332717904813288,3.1550967781982635,0.34139234938031887,60
819,ss321,R:HP616,0.0,0.003063598383975301,0.00023842358945448834,0.2795166740286063,0.34067354338704076,60
820,ss321,R:HP618,0.0,0.003043347105739852,0.00024073654231987287,6.183430792471046,0.34154592289401353,60
821,ss321,R:HP620,0.0,0.0030829746508693424,0.0002351477916354193,3.8624159656318464,0.33922598642312624,60
822,ss321,R:HP622,0.0,0.0030819803485855834,0.00023508921239351685,2.2036634047374686,0.3392416829087615,60
823,ss321,R:HP624,0.0,0.003018566310679156,0.00023479224272883556,0.16132291166990886,0.3394286439893504,60
824,ss321,R:HP626,0.0,0.0030306762516879382,0.00024107145066189128,4.991211093208057,0.34619646391538705,60
825,ss321,R:HP628,0.0,0.003078232832167677,0.00023911575135188496,3.102245400666579,0.34610442199512986,60
826,ss321,R:HP630,0.0,0.003122606730217999,0.00023055739551321427,1.392636807106327,0.3472863652983138,60
827,ss321,R:HP632,0.0,0.0030472723017083694,0.0002329326371026595,6.046844192089325,0.3512389201472618,60
828,ss321,R:HP634,0.0,0.0029918573210021815,0.00023912215716845458,4.165013225530007,0.3542743717634655,60
829,ss321,R:HP636,0.0,0.0030747231154588167,0.0002404340035932367,2.710825164543905,0.3517551534297558,60
830,ss321,R:HP638,0.0,0.003120375767688635,0.00023848740700262486,0.72444458019518,0.347762899540926,60
831,ss321,R:HP640,0.0,0.0031445467478285758,0.00024267959278621544,5.5014313933518535,0.35511804571934114,60
832,ss323,R:HP100,0.0,0.0031596443104504814,0.0002444997498434026,3.7858219730721903,0.3545735449749506,60
833,ss323,R:HP102,0.0,0.003165615517958764,0.0002447437995609785,2.6767804270404976,0.35539211157374595,60
834,ss323,R:HP104,0.0,0.003186632434495615,0.0002454704214479331,0.3905592221037004,0.3542692653525764,60
835,ss323,R:HP106,0.0,0.003218739002203178,0.00024763223568692106,4.785864859797049,0.357331558815537,60
836,ss323,R:HP108,0.0,0.003218687429614008,0.0002492981573701116,3.0428546145907642,0.3545542746996725,60
837,ss323,R:HP110,0.0,0.003191352664880155,0.0002443939007291983,1.542205477211147,0.35381344220168853,60
838,ss323,R:HP112,0.0,0.0032224301207336202,0.00024022546773987485,5.83557917248648,0.35040215915934136,60
839,ss323,R:HP114,0.0,0.0032744198084205746,0.00024750344885230156,4.068095639239225,0.35827409216610473,60
840,ss323,R:HP116,0.0,0.0032731761019655003,0.0002543215145310454,2.418958235166605,0.35609426546426765,60
841,ss323,R:HP118,0.0,0.0032364099471686907,0.0002481360937469322,0.6365184902108014,0.35505824075877634,60
842,ss323,R:HP120,0.0,0.003256988092075508,0.00024337279851633303,5.279706183388619,0.3496824026544134,60
843,ss323,R:HP122,0.0,0.003318478157626758,0.000248779280117765,3.5523311822806463,0.3547230717139657,60
844,ss323,R:HP124,0.0,0.0033615142000575624,0.0002542875617201756,1.912507366078681,0.34632584656028526,60
845,ss323,R:HP126,0.0,0.0033361436664985943,0.00025099993687649437,0.10830807880365362,0.3486533260150078,60
846,ss323,R:HP128,0.0,0.003334610426418476,0.00024277800418605946,4.727764448985931,0.3480340197989393,60
847,ss323,R:HP130,0.0,0.003405129308433424,0.00024371665200877428,2.905440858262152,0.34738409670569376,60
848,ss323,R:HP202,0.0,0.0034584298164249128,0.00025455218185820613,1.305002942111455,0.3411845719229297,60
849,ss323,R:HP204,0.0,0.003413099290998328,0.00025481640789128937,5.686737927189042,0.3409562981618284,60
850,ss323,R:HP206,0.0,0.0033921059167664183,0.0002444884311498308,4.085826439193221,0.34470654567164905,60
851,ss323,R:HP208,0.0,0.0034576881185238864,0.00023702458831608748,2.156046887217493,0.3477966810931749,60
852,ss323,R:HP210,0.0,0.0034967032813634255,0.00024433469724095364,0.6677032529124894,0.3395558888801545,60
853,ss323,R:HP212,0.0,0.00342185499378634,0.000251819844694502,5.053976717410733,0.3401511142649302,60
854,ss323,R:HP214,0.0,0.0033717159980202623,0.0002449356599302976,3.522440774560293,0.3522984182450767,60
855,ss323,R:HP216,0.0,0.003454632582429435,0.00023727479515109974,1.5600724929873047,0.35458274486798835,60
856,ss323,R:HP218,0.0,0.00354376484817639,0.0002421557383397331,0.033627611499960006,0.35142006292499983,60
857,ss323,R:HP220,0.0,0.0035310628084444886,0.00025500961163506133,4.524851349647819,0.356696240673172,60
858,ss323,R:HP222,0.0,0.003542885312852835,0.00025646721926435886,3.0579342468782844,0.3553226488909574,60
859,ss323,R:HP224,0.0,0.0035574814368478764,0.00025168886286012023,0.385866444284659,0.3558146635722893,60
860,ss323,R:HP226,0.0,0.0036650429954615932,0.0002525200418313892,0.03250279971037453,0.34818033292535444,60
861,ss323,R:HP228,0.0,0.003577207677801674,0.0002608032433534552,3.7177770808477364,0.3464947203135437,60
862,ss323,R:HP230,0.0,0.003467566789288669,0.0002614900664992963,1.8524525733954424,0.3473673217862428,60
863,ss323,R:HP232,0.0,0.0035028900862053088,0.00025409059821358826,0.9678601777848344,0.3490409192378364,60
864,ss323,R:HP302,0.0,0.0035673895069961337,0.00025137955843705206,5.454763990801954,0.34471742444348713,60
865,ss323,R:HP304,0.0,0.003552591962619008,0.0002509029871139051,4.351397532354117,0.34636612842369885,60
866,ss323,R:HP306,0.0,0.0035704362993069514,0.0002515891470732201,3.1038593861537933,0.34273986053043387,60
867,ss323,R:HP308,0.0,0.003575302289585613,0.0002530151403321715,1.6106411965695213,0.34566461724546743,60
868,ss323,R:HP310,0.0,0.0035752916691002426,0.0002525663613279098,5.7681719954577515,0.3440703628170423,60
869,ss323,R:HP312,0.0,0.003543445267828275,0.0002552688998441305,4.799769342873501,0.351231159880811,60
870,ss323,R:HP314,0.0,0.003490740463837044,0.0002643465907860184,2.78107792762909,0.35277546702314594,60
871,ss323,R:HP316,0.0,0.0035171330457530463,0.00025696700083169033,0.5661170843915732,0.347492657310203,60
872,ss323,R:HP318,0.0,0.003559906917704157,0.0002522820418771311,0.052310602741486995,0.3436799489482439,60
873,ss323,R:HP320,0.0,0.003562484582524427,0.00025099448043626726,4.131116151694441,0.3453838322621104,60
874,ss323,R:HP322,0.0,0.0036146873044554345,0.0002552536506582062,2.3274506046448376,0.33548990548663166,60
875,ss323,R:HP324,0.0,0.003618124865339249,0.0002553411377779008,0.3883626838321694,0.3345031304943153,60
876,ss323,R:HP326,0.0,0.003601445003020198,0.0002754156799670334,5.169534700983849,0.3294016276759999,60
877,ss323,R:HP328,0.0,0.003576421841600929,0.00025599035615936014,3.7944584756327764,0.3326685733714449,60
878,ss323,R:HP330,0.0,0.003580771204533951,0.00026335734704182456,1.6137698173825972,0.3348254905876348,60
879,ss323,R:HP332,0.0,0.0036061814614302867,0.0002688234802496123,0.03289693258993752,0.32918572155922005,60
880,ss323,R:HP334,0.0,0.0035763324034831737,0.00026612196086216985,4.487074111825396,0.32627730995993526,60
881,ss323,R:HP336,0.0,0.0035132870068015883,0.0002681553358625835,2.8001866628067695,0.33113193015239656,60
882,ss323,R:HP338,0.0,0.0035464747958274994,0.0002688276208502144,0.9138147039679908,0.336958586801756,60
883,ss323,R:HP340,0.0,0.0035718726511659647,0.00027929674126317373,5.595920113264848,0.33620390536783923,60
884,ss323,R:HP400,0.0,0.003567656568960229,0.00026801415371330333,4.030414553202391,0.3332924548261678,60
885,ss323,R:HP402,0.0,0.0035621531705902877,0.00026637622433556133,2.4396387152728147,0.3324561766402105,60
886,ss323,R:HP404,0.0,0.0035599599288217583,0.00026910176046544474,0.43315143956181906,0.33184952132671347,60
887,ss323,R:HP406,0.0,0.0035818717042975937,0.00027254451157898447,4.8885333974328535,0.3321413521245229,60
888,ss323,R:HP408,0.0,0.0035720911505503364,0.0002796181243164567,3.2967460725663607,0.3340702838427205,60
889,ss323,R:HP410,0.0,0.0035095673508891314,0.000279892885369223,1.598816212775784,0.3357311719591298,60
890,ss323,R:HP412,0.0,0.0034943826828269468,0.00028187059718587365,6.007666714877374,0.33070906366305913,60
891,ss323,R:HP414,0.0,0.00355395775392762,0.0002872309595529831,4.467975980895089,0.32821607138628245,60
892,ss323,R:HP416,0.0,0.00359321734887425,0.00029375150955617685,2.5366659177224062,0.3346078734829379,60
893,ss323,R:HP418,0.0,0.003566979728402927,0.00029833976910094976,1.0032205447703626,0.3371096195506671,60
894,ss323,R:HP420,0.0,0.0035367549977152347,0.00030086623836038433,5.349893525470926,0.3342886984119048,60
895,ss323,R:HP422,0.0,0.003477580371989787,0.00029445435150581023,3.805208929858207,0.3289824693471443,60
896,ss323,R:HP424,0.0,0.0035010868507254506,0.00029261861077422576,1.921591105691244,0.33606134235597823,60
897,ss323,R:HP426,0.0,0.0035228549145992685,0.0002969164706496147,0.30915212864047886,0.3353570977726955,60
898,ss323,R:HP428,0.0,0.0034515907250248106,0.00030708607913634486,4.718755706933984,0.33810920190676313,60
899,ss323,R:HP430,0.0,0.0034181910710122648,0.00030716818054556577,3.1019080976299724,0.3318535567468267,60
900,ss323,R:HP502,0.0,0.00344690156558627,0.0003031914027521816,1.3881673292999572,0.33595583766055925,60
901,ss323,R:HP504,0.0,0.0034778952549562297,0.00030398978313217576,5.674998660977895,0.3309782738277113,60
902,ss323,R:HP506,0.0,0.0034142407998838937,0.0003168068168754108,4.148815534355682,0.3348470834179112,60
903,ss323,R:HP508,0.0,0.0033705669092224735,0.0003194415676276479,2.1670718668383606,0.3271619222354593,60
904,ss323,R:HP510,0.0,0.0033974452767236304,0.0003188607409528757,0.7108238408585348,0.3309753323412279,60
905,ss323,R:HP512,0.0,0.00344068896462313,0.000314340471810056,5.054929986902878,0.3331929721407516,60
906,ss323,R:HP514,0.0,0.0033929815993850973,0.0003270175359957171,3.533120249018068,0.3394677498854685,60
907,ss323,R:HP516,0.0,0.003340328331142689,0.0003298392877968465,1.6848058919569349,0.3293054676407111,60
908,ss323,R:HP518,0.0,0.0033168276303105317,0.00032852559411811785,0.06199323443431087,0.3322956194511188,60
909,ss323,R:HP520,0.0,0.0033614381806119633,0.0003188577280636556,4.740624691383612,0.32832608769511784,60
910,ss323,R:HP522,0.0,0.003358266136758929,0.0003203028727270315,3.237006668733201,0.33520710488453725,60
911,ss323,R:HP524,0.0,0.0033590458067639154,0.0003205355246849814,0.7184970451059828,0.32802242955804894,60
912,ss323,R:HP526,0.0,0.0033332427382753095,0.00032197946343778014,0.14627448667996154,0.33320895600927125,60
913,ss323,R:HP528,0.0,0.003386465854026881,0.00031378177185325726,4.108179134212898,0.3315557612610634,60
914,ss323,R:HP530,0.0,0.0034085830911532904,0.0003244168113247614,2.1679410945440973,0.34075316193619354,60
915,ss323,R:HP532,0.0,0.003382479087919007,0.0003258222256431064,1.2322742547877317,0.33168970221462785,60
916,ss323,R:HP602,0.0,0.0030810108419507837,0.00023522350402653807,5.183363669299309,0.33915462196307816,60
917,ss323,R:HP604,0.0,0.003082058914200732,0.00023530099068128934,3.571160507031874,0.3395190591157592,60
918,ss323,R:HP606,0.0,0.0030810768466370693,0.00023522949918308,2.2970294977261783,0.3392831811165881,60
919,ss323,R:HP608,0.0,0.0030819404792063578,0.0002352783509635919,1.0613214210600201,0.3389295206453679,60
920,ss323,R:HP610,0.0,0.0030852785255074235,0.0002350288559568676,5.503267300271114,0.3392063515575518,60
921,ss323,R:HP612,0.0,0.003126061712920126,0.0002334770950494721,4.4351493383739875,0.3405390256619587,60
922,ss323,R:HP614,0.0,0.0031087165385326326,0.0002332717904813288,3.1550967781982635,0.34139234938031887,60
923,ss323,R:HP616,0.0,0.003063598383975301,0.00023842358945448834,0.2795166740286063,0.34067354338704076,60
924,ss323,R:HP618,0.0,0.003043347105739852,0.00024073654231987287,6.183430792471046,0.34154592289401353,60
925,ss323,R:HP620,0.0,0.0030829746508693424,0.0002351477916354193,3.8624159656318464,0.33922598642312624,60
926,ss323,R:HP622,0.0,0.0030819803485855834,0.00023508921239351685,2.2036634047374686,0.3392416829087615,60
927,ss323,R:HP624,0.0,0.003018566310679156,0.00023479224272883556,0.16132291166990886,0.3394286439893504,60
928,ss323,R:HP626,0.0,0.0030306762516879382,0.00024107145066189128,4.991211093208057,0.34619646391538705,60
929,ss323,R:HP628,0.0,0.003078232832167677,0.00023911575135188496,3.102245400666579,0.34610442199512986,60
930,ss323,R:HP630,0.0,0.003122606730217999,0.00023055739551321427,1.392636807106327,0.3472863652983138,60
931,ss323,R:HP632,0.0,0.0030472723017083694,0.0002329326371026595,6.046844192089325,0.3512389201472618,60
932,ss323,R:HP634,0.0,0.0029918573210021815,0.00023912215716845458,4.165013225530007,0.3542743717634655,60
933,ss323,R:HP636,0.0,0.0030747231154588167,0.0002404340035932367,2.710825164543905,0.3517551534297558,60
934,ss323,R:HP638,0.0,0.003120375767688635,0.00023848740700262486,0.72444458019518,0.347762899540926,60
935,ss323,R:HP640,0.0,0.0031445467478285758,0.00024267959278621544,5.5014313933518535,0.35511804571934114,60
